MolWt,MolLogP,TPSA,NumHDonors,NumHAcceptors,NumRotatableBonds,FractionCSP3,FormalCharge,NumChiralCenters,MolarRefractivity,NumAliphaticRings,NumBindingSiteAtoms,NumWaterMolecules,MinDistCofactor,NumPhosphateContacts,NumHbondCandidates,NumPiStacking,BindingPocketVolume,ElectrostaticScore,LigandSASAProxy,IsHelixSite,IsLoopSite,IsJunctionSite,FracA,FracU,FracG,FracC,FracI,NumMetal_CA,MinDistMetal_CA,NumMetal_FE,MinDistMetal_FE,NumMetal_K,MinDistMetal_K,NumMetal_MG,MinDistMetal_MG,NumMetal_MN,MinDistMetal_MN,NumMetal_NA,MinDistMetal_NA,NumMetal_ZN,MinDistMetal_ZN,AvgLigandChargeMagnitude,AvgReceptorChargeMagnitude,BuriedHBondScore,ChargeRatioPosNeg,DistWeightedChargeSum,ElectrostaticComplementarity,ElectrostaticVariance,HBondSaturationIndex,IdealHBondPairCount,MaxHbondAngleScore,MaxLigandPartialCharge,MaxRepulsiveElectrostaticEnergy,MeanHbondAngleScore,MeanLigandReceptorChargeProduct,MedianHbondDistance,MinAttractiveElectrostaticEnergy,MinLigandPartialCharge,NearbyAcceptors,NearbyDonors,NetChargeGradient,PolarHydrophobicProximityScore,PolarSurfaceContactCount,StericClashCount,SumNegativeReceptorCharge,SumPositiveReceptorCharge,MaxAbsEStateIndex,MaxEStateIndex,MinAbsEStateIndex,MinEStateIndex,qed,SPS,HeavyAtomMolWt,ExactMolWt,NumValenceElectrons,NumRadicalElectrons,MaxPartialCharge,MinPartialCharge,MaxAbsPartialCharge,MinAbsPartialCharge,FpDensityMorgan1,FpDensityMorgan2,FpDensityMorgan3,BCUT2D_MWHI,BCUT2D_MWLOW,BCUT2D_CHGHI,BCUT2D_CHGLO,BCUT2D_LOGPHI,BCUT2D_LOGPLOW,BCUT2D_MRHI,BCUT2D_MRLOW,AvgIpc,BalabanJ,BertzCT,Chi0,Chi0n,Chi0v,Chi1,Chi1n,Chi1v,Chi2n,Chi2v,Chi3n,Chi3v,Chi4n,Chi4v,HallKierAlpha,Ipc,Kappa1,Kappa2,Kappa3,LabuteASA,PEOE_VSA1,PEOE_VSA10,PEOE_VSA11,PEOE_VSA12,PEOE_VSA13,PEOE_VSA14,PEOE_VSA2,PEOE_VSA3,PEOE_VSA4,PEOE_VSA5,PEOE_VSA6,PEOE_VSA7,PEOE_VSA8,PEOE_VSA9,SMR_VSA1,SMR_VSA10,SMR_VSA2,SMR_VSA3,SMR_VSA4,SMR_VSA5,SMR_VSA6,SMR_VSA7,SMR_VSA8,SMR_VSA9,SlogP_VSA1,SlogP_VSA10,SlogP_VSA11,SlogP_VSA12,SlogP_VSA2,SlogP_VSA3,SlogP_VSA4,SlogP_VSA5,SlogP_VSA6,SlogP_VSA7,SlogP_VSA8,SlogP_VSA9,EState_VSA1,EState_VSA10,EState_VSA11,EState_VSA2,EState_VSA3,EState_VSA4,EState_VSA5,EState_VSA6,EState_VSA7,EState_VSA8,EState_VSA9,VSA_EState1,VSA_EState10,VSA_EState2,VSA_EState3,VSA_EState4,VSA_EState5,VSA_EState6,VSA_EState7,VSA_EState8,VSA_EState9,HeavyAtomCount,NHOHCount,NOCount,NumAliphaticCarbocycles,NumAliphaticHeterocycles,NumAmideBonds,NumAromaticCarbocycles,NumAromaticHeterocycles,NumAromaticRings,NumAtomStereoCenters,NumBridgeheadAtoms,NumHeteroatoms,NumHeterocycles,NumSaturatedCarbocycles,NumSaturatedHeterocycles,NumSaturatedRings,NumSpiroAtoms,NumUnspecifiedAtomStereoCenters,Phi,RingCount,MolMR,fr_Al_COO,fr_Al_OH,fr_Al_OH_noTert,fr_ArN,fr_Ar_COO,fr_Ar_N,fr_Ar_NH,fr_Ar_OH,fr_COO,fr_COO2,fr_C_O,fr_C_O_noCOO,fr_C_S,fr_HOCCN,fr_Imine,fr_NH0,fr_NH1,fr_NH2,fr_N_O,fr_Ndealkylation1,fr_Ndealkylation2,fr_Nhpyrrole,fr_SH,fr_aldehyde,fr_alkyl_carbamate,fr_alkyl_halide,fr_allylic_oxid,fr_amide,fr_amidine,fr_aniline,fr_aryl_methyl,fr_azide,fr_azo,fr_barbitur,fr_benzene,fr_benzodiazepine,fr_bicyclic,fr_diazo,fr_dihydropyridine,fr_epoxide,fr_ester,fr_ether,fr_furan,fr_guanido,fr_halogen,fr_hdrzine,fr_hdrzone,fr_imidazole,fr_imide,fr_isocyan,fr_isothiocyan,fr_ketone,fr_ketone_Topliss,fr_lactam,fr_lactone,fr_methoxy,fr_morpholine,fr_nitrile,fr_nitro,fr_nitro_arom,fr_nitro_arom_nonortho,fr_nitroso,fr_oxazole,fr_oxime,fr_para_hydroxylation,fr_phenol,fr_phenol_noOrthoHbond,fr_phos_acid,fr_phos_ester,fr_piperdine,fr_piperzine,fr_priamide,fr_prisulfonamd,fr_pyridine,fr_quatN,fr_sulfide,fr_sulfonamd,fr_sulfone,fr_term_acetylene,fr_tetrazole,fr_thiazole,fr_thiocyan,fr_thiophene,fr_unbrch_alkane,fr_urea,PMI1,PMI2,PMI3,NPR1,NPR2,RadiusOfGyration,InertialShapeFactor,Eccentricity,Asphericity,SpherocityIndex,NumNearbyAtoms,MeanDistanceToNearbyAtoms,MinDistanceToReceptor,MaxDistanceToReceptor,DistanceToClosestPhosphate,MonovalentMetalCount,DivalentMetalCount,DistanceToClosestMonovalent,DistanceToClosestDivalent,NumBaseResidues,LigandToReceptorCOM,LigandCoordRange,TotalReceptorPartialCharge,NetChargeBalance,AbsChargeSum,ChargeVariance,ChargeDensity,InverseDistanceSum,NearbyHBondAcceptors,NearbyHBondDonors,Residue_A,Residue_U,Residue_C,Residue_G,Residue_HOH,AffinityValue,Label,Folder,Split
163.2450000000001,-2.839999999999999,111.94,5.0,4.0,9.0,1.0,1.0,1.0,43.16140000000004,0.0,123.0,0.0,2.2403025657365352e-07,4.0,96.0,4.0,837.2811153922164,-0.7149260560802662,0.9473684210526315,0.0,0.0,1.0,0.125,0.125,0.25,0.5,0.0,0.0,0.0,0.0,0.0,0.0,0.0,0.0,0.0,0.0,0.0,0.0,0.0,0.0,0.0,0.1912,0.1461,1.0,0.0373,-1602.891,0.593,0.0001,1.0,1.0,0.0896,0.3443,0.0661,0.0896,-0.0028,3.2133,-0.1005,-0.3902,2.0,1.0,5.6364,17.0,1.0,24.0,-107.25,4.0,8.939958270345175,8.939958270345175,0.024120370370370736,-1.634963939279415,0.2143408826184808,34.54545454545455,144.093,163.15533764808998,68.0,0.0,0.0,0.0,0.0,0.0,1.8181818181818181,2.6363636363636362,3.1818181818181817,16.2518999370236,10.164080429979963,2.0200092507369685,-2.0804537753370966,1.887092234521,-2.624225400004234,4.544429680450122,-0.4262922942314516,2.2074285708367545,4.253118479352275,243.8838822355105,15.21517847069432,14.219195640625234,6.219195640625233,8.60727813312108,7.059456435949712,3.4817476719500458,2.2312173623868747,2.2312173623868747,1.1986094823713414,1.1986094823713414,0.6249559928054422,0.6249559928054422,-0.2,6185.214855484586,3.2736775659638937,6.50644718792867,7.699276859504134,78.63194668590405,0.0,0.0,0.0,0.0,0.0,77.18808589176216,0.0,0.0,0.0,0.0,0.0,0.0,0.0,0.0,22.11400574647462,0.0,0.0,5.309813353288376,11.439433951452546,25.173194470121075,13.151638370425493,0.0,0.0,0.0,22.46198902974924,0.0,0.0,0.0,30.589716989535255,0.0,0.0,12.841643245852019,0.0,11.294736626625605,0.0,0.0,24.651174913790292,0.0,0.0,30.82583360321714,5.309813353288376,0.0,0.0,0.0,0.0,0.0,16.40126402146631,56.7373683547493,0.0,0.0,9.607568814562862,-1.5588795981355497,0.0,-0.9462386621315193,-1.1390679327286468,-0.5340843096497858,0.0,11.0,9.0,5.0,0.0,0.0,0.0,0.0,0.0,0.0,1.0,0.0,5.0,0.0,0.0,0.0,0.0,0.0,0.0,1.9363645630228135,0.0,43.16140000000004,0.0,1.0,1.0,0.0,0.0,0.0,0.0,0.0,0.0,0.0,0.0,0.0,0.0,0.0,0.0,0.0,1.0,2.0,0.0,0.0,0.0,0.0,0.0,0.0,0.0,0.0,0.0,0.0,0.0,0.0,0.0,0.0,0.0,0.0,0.0,0.0,0.0,0.0,0.0,0.0,0.0,0.0,0.0,0.0,0.0,0.0,0.0,0.0,0.0,0.0,0.0,0.0,0.0,0.0,0.0,0.0,0.0,0.0,0.0,0.0,0.0,0.0,0.0,0.0,0.0,0.0,0.0,0.0,0.0,0.0,0.0,0.0,0.0,0.0,1.0,0.0,0.0,0.0,0.0,0.0,0.0,0.0,0.0,0.0,0.0,178.3452279070895,1136.967578622788,1147.6499977737978,0.1554003644430289,0.990691918989473,2.8449062559361686,0.0055549112842289364,0.9878515712043858,0.6127813196223745,0.22367343622821878,142.0,4.168,1.713,5.976,5.315,0.0,0.0,10.0,10.0,8.0,11.587,32.604,-14.7,14.977,15.5,0.02795,-0.10352,19023.207,43.0,50.0,4.0,27.0,61.0,31.0,0.0,0.001,0,1AJU,Apo
400.59600000000006,-3.657799999999996,163.29999999999998,9.0,9.0,12.0,1.0,1.0,6.0,109.25420000000005,3.0,175.0,0.0,1.2489857142106896e-07,22.0,168.0,6.0,1719.4034777302156,-4.332231320525284,1.0,1.0,0.0,0.0,0.09090909090909091,0.18181818181818182,0.45454545454545453,0.2727272727272727,0.0,0.0,0.0,0.0,0.0,0.0,0.0,0.0,0.0,0.0,0.0,0.0,0.0,0.0,0.0,0.1501,0.145,2.0,0.1022,-3103.969,0.6773,0.0001,0.4,2.0,0.0445,0.3466,0.091,0.0353,0.0021,3.2548,-0.0685,-0.3766,3.0,2.0,7.8621,35.0,2.0,41.0,-215.35,22.0,11.031013751795157,11.031013751795157,0.0011642345949702815,-1.7444703039008045,0.14016290452136854,52.857142857142854,358.26000000000016,400.3506833840902,164.0,0.0,0.0,0.0,0.0,0.0,1.3571428571428572,2.25,2.9642857142857144,16.287152015522594,9.807628582787503,2.4102571939702546,-2.47418536940029,2.288303750582517,-2.8042870663663377,4.995943721941755,-0.4317321671016495,3.3586718866964955,1.7676411788172786,639.6888931966799,26.405048436076804,24.502908050379155,16.502908050379155,17.1119686606786,14.297698343971739,10.614416770971989,8.144899734755102,8.144899734755102,6.078048120191031,6.078048120191031,4.595693159342532,4.595693159342532,-0.39999999999999997,87616276.30074662,13.8132752376641,11.116579940822366,6.2971904266389185,179.9530410027111,0.0,0.0,0.0,0.0,0.0,179.25371424277913,0.0,0.0,0.0,0.0,0.0,0.0,0.0,0.0,22.12098099719258,0.0,0.0,31.46990224944622,17.35733999761394,75.457774185977,32.84771681254944,0.0,0.0,0.0,43.72914344577456,0.0,0.0,0.0,79.78699838666157,0.0,5.917906046161393,38.524929737556064,0.0,11.294736626625605,0.0,0.0,36.61072059499925,5.106527394840706,0.0,17.679463851035628,17.574286734927224,64.82789014419292,5.309813353288376,0.0,0.0,20.850275542869472,11.294736626625605,62.92503855094982,0.0,2.2862743062256397,22.683648105680657,-0.5306533579432549,0.18125236205593365,-1.3851265053388986,0.7229504517106846,4.116616086659411,0.0,28.0,13.0,10.0,1.0,2.0,0.0,0.0,0.0,0.0,6.0,0.0,10.0,2.0,1.0,2.0,3.0,0.0,6.0,5.484156372288394,3.0,109.25420000000005,0.0,1.0,1.0,0.0,0.0,0.0,0.0,0.0,0.0,0.0,0.0,0.0,0.0,0.0,0.0,1.0,5.0,2.0,0.0,0.0,0.0,0.0,0.0,0.0,0.0,0.0,0.0,0.0,0.0,0.0,0.0,0.0,0.0,0.0,0.0,0.0,0.0,0.0,0.0,0.0,0.0,0.0,0.0,0.0,0.0,0.0,0.0,0.0,0.0,0.0,0.0,0.0,0.0,0.0,0.0,0.0,0.0,0.0,0.0,0.0,0.0,0.0,0.0,0.0,0.0,0.0,0.0,0.0,0.0,0.0,1.0,0.0,0.0,0.0,1.0,0.0,0.0,0.0,0.0,0.0,0.0,0.0,0.0,0.0,0.0,1445.0004635818386,5849.943030149588,6945.666700413826,0.20804345009756153,0.8422435573824821,4.40876159802617,0.0005828673267652423,0.9781195851589434,0.5016047118227928,0.07394984037781191,214.0,4.13,1.673,5.976,3.275,0.0,0.0,10.0,10.0,11.0,14.51,46.273,-24.5,23.293,26.1,0.03002,-0.11449,36024.76,72.0,65.0,16.0,19.0,35.0,105.0,0.0,7.47e-06,0,1AJU_DMA-182,Apo
477.6030000000001,-3.327499999999988,199.72999999999996,8.0,12.0,13.0,1.0,0.0,13.0,119.93100000000005,3.0,162.0,0.0,8.019941723790951e-08,8.0,94.0,5.0,1262.7739121321092,0.0,0.7954545454545454,1.0,0.0,0.0,0.3,0.1,0.3,0.3,0.0,0.0,0.0,0.0,0.0,0.0,0.0,0.0,0.0,0.0,0.0,0.0,0.0,0.0,0.0,0.1635,0.1747,1.0,0.0361,-4302.638,0.6372,0.0001,1000000.0,1.0,0.0995,0.211,0.0779,0.0995,0.0026,3.1295,-0.1055,-0.3876,2.0,2.0,9.566,32.0,1.0,47.0,-221.8,8.0,8.175479142997338,8.175479142997338,0.24823967781557044,-1.5103090356512967,0.18159830996278017,73.45454545454545,434.25900000000024,477.31624871600013,194.0,0.0,0.0,0.0,0.0,0.0,1.0909090909090908,1.7878787878787878,2.3636363636363638,16.713202410008613,9.837052613177052,2.50482663662489,-2.4815800593610566,2.313476245896716,-2.6837262949888383,5.0157986414826965,-0.30689039415966163,2.9612612302746073,1.9717186164970473,896.5563990178828,33.093129169275656,30.350436365768534,19.350436365768534,20.608516329790444,16.121233521413203,11.318779886021947,9.382547313521865,9.382547313521865,6.804375625592754,6.804375625592754,4.6934513825215785,4.6934513825215785,-0.4799999999999999,1820022470.425545,15.592596761191128,11.06123345935728,5.850381761802965,211.15601782217817,0.0,0.0,0.0,0.0,0.0,210.36329517276292,0.0,0.0,0.0,0.0,0.0,0.0,0.0,0.0,45.56861301514743,0.0,4.293598971697903,10.619626706576751,17.15915092717882,112.02007962229469,20.702225929867296,0.0,0.0,0.0,27.778777633755567,0.0,0.0,0.0,119.23238982902228,18.947451815200196,0.0,33.10993926815928,0.0,11.294736626625605,0.0,0.0,78.91014035413542,0.0,0.0,25.16824218609121,17.860255574378556,5.309813353288376,19.28122253565619,13.971409182367815,0.0,0.0,49.862211986845324,111.62042681733986,0.0,0.0,16.882379829263087,-0.4037655042197543,0.0,-4.811519582431552,-8.439660478287268,2.9850717155981688,2.9170672027374582,33.0,11.0,12.0,1.0,2.0,0.0,0.0,0.0,0.0,13.0,0.0,12.0,2.0,1.0,2.0,3.0,0.0,0.0,5.226465242822827,3.0,119.93100000000005,0.0,3.0,2.0,0.0,0.0,0.0,0.0,0.0,0.0,0.0,0.0,0.0,0.0,0.0,0.0,0.0,2.0,3.0,0.0,2.0,0.0,0.0,0.0,0.0,0.0,0.0,0.0,0.0,0.0,0.0,0.0,0.0,0.0,0.0,0.0,0.0,0.0,0.0,0.0,0.0,0.0,4.0,0.0,0.0,0.0,0.0,0.0,0.0,0.0,0.0,0.0,0.0,0.0,0.0,0.0,0.0,0.0,0.0,0.0,0.0,0.0,0.0,0.0,0.0,0.0,0.0,0.0,0.0,0.0,0.0,0.0,0.0,0.0,0.0,0.0,0.0,0.0,0.0,0.0,0.0,0.0,0.0,0.0,0.0,0.0,1583.8941697235703,8817.62072216405,9354.294754723916,0.16932267062930684,0.9426280605185287,4.709590568542999,0.0005951332346169574,0.9855606694724376,0.5790225770515223,0.2022981731413385,206.0,4.364,1.801,5.955,4.171,0.0,0.0,10.0,10.0,10.0,10.75,24.955,-21.7,20.251,22.5,0.02885,-0.10534,44024.48,61.0,66.0,81.0,3.0,37.0,41.0,0.0,5e-07,1,1BYJ_Gentamicin_c1,Apo
614.6500000000011,-8.895300000000022,353.11,13.0,19.0,22.0,1.0,0.0,19.0,138.35599999999988,4.0,187.0,21.0,5.069960846578101e-07,72.0,120.0,7.0,3486.876752203189,0.0,0.7868852459016393,1.0,0.0,0.0,0.2222222222222222,0.3333333333333333,0.2222222222222222,0.2222222222222222,0.0,0.0,0.0,0.0,0.0,0.0,0.0,6.0,4.403973660230052,3.0,0.5710726748847345,0.0,0.0,0.0,0.0,0.1942,0.27,3.0,0.1276,-6995.964,0.3331,0.0004,3000000.0,3.0,0.0516,0.2108,0.1596,0.0436,0.0051,3.2229,-0.1171,-0.3936,5.0,3.0,38.4578,65.0,3.0,77.0,-721.25,92.0,8.255423373011931,8.255423373011931,0.0032613000265142578,-1.9466068484116066,0.11451275698725806,80.0952380952381,568.2820000000004,614.3122855320004,246.0,0.0,0.0,0.0,0.0,0.0,0.5952380952380952,1.1666666666666667,1.6904761904761905,16.758510780180863,9.839605854915337,2.5391429960959946,-2.468763806189298,2.338648444812979,-2.6785127624336673,5.018403853259974,-0.3064894350083078,3.5053699576145267,1.7647964852401363,1301.7423384209258,45.45457200991194,40.788591588379056,21.788591588379056,28.917491293511247,21.462109544302272,13.237808365055745,10.601961480105834,10.601961480105834,7.783577823102416,7.783577823102416,5.331357599629315,5.331357599629315,-0.7600000000000001,7140520964252.394,16.697477933125057,14.121320888468812,6.6002477270430955,269.0227156518669,0.0,0.0,0.0,0.0,0.0,267.86389601231656,0.0,0.0,0.0,0.0,0.0,0.0,0.0,0.0,81.12494000048926,0.0,10.01839760062844,0.0,34.318301854357635,122.70586178050308,19.696394776338067,0.0,0.0,0.0,34.318301854357635,0.0,0.0,0.0,181.76148987229416,28.421177722800294,0.0,6.4208216229260096,0.0,16.942104939938407,0.0,0.0,142.40225655684117,0.0,0.0,34.318301854357635,0.0,0.0,0.0,0.0,0.0,15.326424573321638,75.81691302779603,184.98024166243314,0.0,0.0,33.090613908166745,0.4441117142962234,0.0,-6.603063470100495,-26.14086492643756,-1.9377055550247921,0.0,42.0,19.0,19.0,1.0,3.0,0.0,0.0,0.0,0.0,19.0,0.0,19.0,3.0,1.0,3.0,4.0,0.0,0.0,5.61405818861395,4.0,138.35599999999988,0.0,7.0,7.0,0.0,0.0,0.0,0.0,0.0,0.0,0.0,0.0,0.0,0.0,0.0,0.0,0.0,0.0,6.0,0.0,0.0,0.0,0.0,0.0,0.0,0.0,0.0,0.0,0.0,0.0,0.0,0.0,0.0,0.0,0.0,0.0,0.0,0.0,0.0,0.0,0.0,0.0,6.0,0.0,0.0,0.0,0.0,0.0,0.0,0.0,0.0,0.0,0.0,0.0,0.0,0.0,0.0,0.0,0.0,0.0,0.0,0.0,0.0,0.0,0.0,0.0,0.0,0.0,0.0,0.0,0.0,0.0,0.0,0.0,0.0,0.0,0.0,0.0,0.0,0.0,0.0,0.0,0.0,0.0,0.0,0.0,3412.6288273214655,12185.442147512304,13559.978246338154,0.2516691963162285,0.8986328684415816,4.9817817215057065,0.0002633256981383788,0.9678133165159196,0.42771594813348734,0.29747815984169473,298.0,4.192,1.795,5.994,1.955,0.0,2.0,10.0,0.571,18.0,10.292,42.439,-52.3,50.663,56.3,0.0393,-0.1755,60926.064,146.0,19.0,37.0,70.0,53.0,27.0,21.0,0.000342,0,1EVV_Neomycin,Apo
615.6340000000009,-8.861700000000019,347.32,13.0,19.0,22.0,1.0,0.0,19.0,136.3873999999999,4.0,200.0,0.0,3.703401119989254e-08,23.0,179.0,5.0,1641.6335599665451,0.0,0.8833333333333333,1.0,0.0,0.0,0.3,0.1,0.3,0.3,0.0,0.0,0.0,0.0,0.0,0.0,0.0,0.0,0.0,0.0,0.0,0.0,0.0,0.0,0.0,0.1991,0.1743,0.0,0.0657,-7103.615,0.5675,0.0002,0.0,0.0,0.0,0.2108,0.101,0.0,0.0025,0.0,-0.1098,-0.3936,4.0,0.0,18.934,36.0,0.0,65.0,-350.25,23.0,8.24042337301193,8.24042337301193,0.005071249400877775,-1.904754996559754,0.11437508455025201,79.52380952380952,570.2740000000003,615.2963011200003,246.0,0.0,0.0,0.0,0.0,0.0,0.5952380952380952,1.1904761904761905,1.8095238095238095,16.758927733238973,9.839644727821714,2.539476630354418,-2.467838602153765,2.338949808875837,-2.6764154432114133,5.017735032722538,-0.3103570341413841,3.5088949319478293,1.7571522435495341,1268.933808677337,44.58432852190887,39.74962628334295,21.749626283342952,28.56164924585468,20.94837801234419,13.210255733633714,10.586053960937445,10.586053960937445,7.7678993951223925,7.7678993951223925,5.318556216789304,5.318556216789304,-0.7600000000000001,5214391952618.977,17.238339622392132,14.121320888468812,6.6002477270430955,267.042645200533,0.0,0.0,0.0,0.0,0.0,265.9226282868741,0.0,0.0,0.0,0.0,0.0,0.0,0.0,0.0,83.41006403494006,0.0,11.449597257861074,0.0,28.598584878631364,122.7058617805031,19.75852033493841,0.0,0.0,0.0,28.598584878631364,0.0,0.0,0.0,188.36362327923436,28.421177722800294,0.0,6.4208216229260096,0.0,14.118420783282007,0.0,0.0,142.4643821154415,0.0,0.0,28.598584878631364,0.0,0.0,0.0,0.0,0.0,20.43523276442885,74.42442852837225,176.73438218065172,0.0,0.0,37.45491235288656,0.3576239821835323,0.0,-6.5251109347794065,-25.77925114240238,-1.9092231052066126,0.0,42.0,18.0,19.0,1.0,3.0,0.0,0.0,0.0,0.0,19.0,0.0,19.0,3.0,1.0,3.0,4.0,0.0,0.0,5.795907747433467,4.0,136.3873999999999,0.0,8.0,8.0,0.0,0.0,0.0,0.0,0.0,0.0,0.0,0.0,0.0,0.0,0.0,0.0,0.0,0.0,5.0,0.0,0.0,0.0,0.0,0.0,0.0,0.0,0.0,0.0,0.0,0.0,0.0,0.0,0.0,0.0,0.0,0.0,0.0,0.0,0.0,0.0,0.0,0.0,6.0,0.0,0.0,0.0,0.0,0.0,0.0,0.0,0.0,0.0,0.0,0.0,0.0,0.0,0.0,0.0,0.0,0.0,0.0,0.0,0.0,0.0,0.0,0.0,0.0,0.0,0.0,0.0,0.0,0.0,0.0,0.0,0.0,0.0,0.0,0.0,0.0,0.0,0.0,0.0,0.0,0.0,0.0,0.0,3710.1693841293336,13371.570823042466,15941.608725827798,0.23273494212151263,0.8387842816251357,5.297275790991188,0.00022607708564819972,0.9725402031359404,0.4576733005567376,0.11748000699232526,260.0,4.097,0.955,5.947,3.322,0.0,0.0,10.0,10.0,10.0,10.542,29.568,-28.7,27.034,31.5,0.03208,-0.11038,60034.27,82.0,87.0,85.0,12.0,55.0,48.0,0.0,1e-07,1,1FYP,Apo
197.32599999999996,0.7534999999999998,41.29,2.0,3.0,2.0,1.0,0.0,4.0,58.94910000000004,2.0,102.0,0.0,8.006889584776465e-08,3.0,68.0,3.0,711.4208272493636,0.0,1.0,0.0,0.0,1.0,0.5,0.0,0.16666666666666666,0.3333333333333333,0.0,0.0,0.0,0.0,0.0,0.0,0.0,0.0,0.0,0.0,0.0,0.0,0.0,0.0,0.0,0.0922,0.1764,1.0,0.0489,-902.251,0.7635,0.0,1.0,1.0,0.0058,0.1187,0.0601,0.0058,0.0033,2.9181,-0.0309,-0.3273,2.0,2.0,1.5592,17.0,1.0,18.0,-61.3,3.0,7.579757180650038,7.579757180650038,0.09624999999999972,0.09624999999999972,0.6517074473635933,61.142857142857146,174.14199999999997,197.18919773599998,82.0,0.0,0.0,0.0,0.0,0.0,1.3571428571428572,2.142857142857143,2.857142857142857,15.250948501623858,9.757200463114847,2.3665093507749217,-2.455776246265996,2.3135537663243197,-2.606760186513057,4.945325138729057,0.08809580867511355,2.2678840799488174,2.0859061635721137,235.2695647274418,11.706742302257043,11.239362173691159,9.239362173691159,7.592224152875014,6.682262259205899,5.7878350682059825,5.003930455918781,5.003930455918781,3.808199015345862,3.808199015345862,2.9056064437177627,2.9056064437177627,-0.12,4519.892971337993,8.081208418499136,4.169536266349585,1.9463265306122453,89.95265068037362,0.0,0.0,0.0,0.0,0.0,89.12691486381577,0.0,0.0,0.0,0.0,0.0,0.0,0.0,0.0,2.8236841566564013,0.0,0.0,10.216698334856808,11.637623021887666,50.35356538506049,14.09534396535438,0.0,0.0,0.0,11.036505579732605,0.0,0.0,0.0,37.24471096663531,0.0,5.917906046161393,32.10410811463005,0.0,2.8236841566564013,0.0,0.0,0.0,0.0,0.0,6.041840829147961,18.12552248744388,12.140538598652283,25.683286491704038,0.0,0.0,24.31204230021119,2.8236841566564013,15.159514361300076,0.0,2.167981859410431,3.6722685185185187,0.9447685185185186,0.4999537037037034,0.6083796296296291,6.149293745275888,0.0,4.131172996976568,14.0,3.0,3.0,1.0,1.0,0.0,0.0,0.0,0.0,4.0,0.0,3.0,1.0,1.0,1.0,2.0,0.0,4.0,2.4067779697758374,2.0,58.94910000000004,0.0,0.0,0.0,0.0,0.0,0.0,0.0,0.0,0.0,0.0,0.0,0.0,0.0,0.0,0.0,1.0,1.0,1.0,0.0,0.0,0.0,0.0,0.0,0.0,0.0,0.0,0.0,0.0,0.0,0.0,0.0,0.0,0.0,0.0,0.0,0.0,1.0,0.0,0.0,0.0,0.0,0.0,0.0,0.0,0.0,0.0,0.0,0.0,0.0,0.0,0.0,0.0,0.0,0.0,0.0,0.0,0.0,0.0,0.0,0.0,0.0,0.0,0.0,0.0,0.0,0.0,0.0,0.0,0.0,1.0,0.0,0.0,0.0,0.0,0.0,0.0,0.0,0.0,0.0,0.0,0.0,0.0,0.0,0.0,0.0,345.4415563058162,882.7408313291845,1151.3534634353057,0.30003084828104704,0.766698376617847,2.5988423957197466,0.00221947349015269,0.9539294995332492,0.3568714947753343,0.11808295518606442,118.0,4.203,1.828,5.969,5.324,0.0,0.0,10.0,10.0,6.0,10.311,18.7,-10.5,9.669,11.3,0.02488,-0.08898,16021.978,32.0,39.0,61.0,0.0,24.0,17.0,0.0,6e-05,0,"1PBR_2-N,2-N-dimethylquinoline-2,4-diamine",Apo
368.9970000000001,3.0783000000000014,39.33,3.0,4.0,5.0,1.0,0.0,4.0,104.57110000000007,4.0,152.0,0.0,7.562342685505478e-08,5.0,82.0,3.0,1119.2959125513516,0.0,1.0,1.0,0.0,0.0,0.25,0.125,0.25,0.375,0.0,0.0,0.0,0.0,0.0,0.0,0.0,0.0,0.0,0.0,0.0,0.0,0.0,0.0,0.0,0.0768,0.1747,2.0,0.0426,-1203.943,0.8764,0.0,1.0,2.0,0.0397,0.1239,0.0456,0.025,0.0048,3.3885,-0.03,-0.3021,3.0,2.0,2.2812,28.0,2.0,26.0,-117.45,5.0,8.676793625546331,8.676793625546331,0.16992507908513188,0.16992507908513188,0.651998471676433,58.4,331.701,368.270674864,144.0,0.0,0.0,0.0,0.0,0.0,0.92,1.64,2.4,35.49574492340932,9.670118317698153,2.4319590677971994,-2.5002651600117693,2.4137953232133578,-2.674853337434636,6.201236702047364,0.02427533144238637,3.1954330300435054,1.3562372626864891,439.5271183649103,17.932510652501772,16.63598821575857,16.391917161777023,12.720346690612278,11.298714784856601,11.287936969828628,8.83845271867179,9.455666118520158,7.289518876699349,7.725954657171334,5.85238086610886,6.1043571814483455,0.12999999999999998,1708304.0613254984,17.24352945217934,8.879223277111326,4.520313589199368,159.79567618779848,0.0,0.0,0.0,0.0,0.0,159.79975214780313,0.0,0.0,0.0,0.0,0.0,0.0,0.0,0.0,1.4118420783282006,11.600939890232516,0.0,21.061305878359622,17.75371813848418,81.79292053874832,26.1790256236503,0.0,0.0,0.0,16.161396147509144,0.0,0.0,11.600939890232516,48.663639663988995,0.0,17.75371813848418,64.20821622926012,0.0,1.4118420783282006,0.0,0.0,0.0,0.0,0.0,6.165775612134527,17.336834743515077,24.925324904147935,77.29772904108528,0.0,5.309813353288376,15.751492525071246,13.012781968560716,8.676793625546331,6.340106385032501,2.517415674704566,2.2428021513776035,7.282440082514487,2.1103230166798883,0.5765729192911733,13.021465273092709,4.3431919828718515,0.0,25.0,3.0,4.0,2.0,2.0,0.0,0.0,0.0,0.0,4.0,0.0,5.0,2.0,2.0,2.0,4.0,0.0,4.0,6.12436592365382,4.0,104.57110000000007,0.0,0.0,0.0,0.0,0.0,0.0,0.0,0.0,0.0,0.0,0.0,0.0,0.0,0.0,0.0,1.0,3.0,0.0,0.0,0.0,1.0,0.0,0.0,0.0,0.0,1.0,0.0,0.0,0.0,0.0,0.0,0.0,0.0,0.0,0.0,0.0,1.0,0.0,0.0,0.0,0.0,0.0,0.0,0.0,1.0,1.0,0.0,0.0,0.0,0.0,0.0,0.0,0.0,0.0,0.0,0.0,0.0,0.0,0.0,0.0,0.0,0.0,0.0,0.0,0.0,0.0,0.0,0.0,0.0,0.0,0.0,0.0,0.0,0.0,0.0,0.0,0.0,0.0,0.0,0.0,0.0,0.0,0.0,0.0,0.0,1095.5900022647916,5728.379596809094,6527.254320118813,0.1678485238253822,0.8776093769094665,4.479332152336052,0.0008010381393543954,0.9858127981770374,0.5789892610364304,0.08374384627925244,178.0,4.326,2.053,5.998,5.158,0.0,0.0,10.0,10.0,8.0,10.948,27.725,-18.6,17.16,19.4,0.02784,-0.10449,26029.574,54.0,53.0,58.0,12.0,50.0,32.0,0.0,0.000146,0,1PBR_4-(4-chlorophenyl)-N-(2-(pyrrolidin-1-yl)ethyl)phthalazin-1-amine,Apo
169.27200000000002,0.22469999999999968,50.08,3.0,3.0,1.0,1.0,0.0,5.0,49.384800000000034,2.0,130.0,0.0,2.5773919425831775e-07,18.0,84.0,4.0,1259.1479293328368,0.0,1.0,0.0,0.0,1.0,0.1,0.1,0.5,0.3,0.0,0.0,0.0,0.0,0.0,0.0,0.0,0.0,0.0,0.0,0.0,0.0,0.0,0.0,0.0,0.1115,0.1766,1.0,0.1709,-903.62,0.6916,0.0002,1.0,1.0,0.0664,0.1254,0.1101,0.0664,0.0036,3.3315,-0.087,-0.3036,1.0,1.0,3.7843,13.0,1.0,18.0,-105.35,18.0,7.889557823129252,7.889557823129252,0.16611111111111088,-0.5717592592592593,0.48618735193534196,78.66666666666667,150.11999999999998,169.15789760799998,70.0,0.0,0.0,0.0,0.0,0.0,1.3333333333333333,2.0,2.6666666666666665,15.315205033178493,9.768151673283338,2.375349567635503,-2.33712558475776,2.3095058425952564,-2.417564717666014,4.964599840944383,0.21931199465201248,2.4553955521462583,2.0768753729083875,238.64245895143554,11.162772227887025,10.695392099321142,7.6953920993211415,7.002907755397974,6.147948091832356,4.806307305332481,4.289219814952865,4.289219814952865,3.370688323924622,3.370688323924622,2.3271674767485906,2.3271674767485906,-0.12,2723.0336673302004,5.576648034058969,2.9794685435219774,1.3661998434382976,78.47582209739122,0.0,0.0,0.0,0.0,0.0,77.48016695897866,0.0,0.0,0.0,0.0,0.0,0.0,0.0,0.0,4.235526234984602,0.0,0.0,10.626601957294707,17.55552906804906,45.06250969865028,0.0,0.0,0.0,0.0,16.34631893302098,0.0,0.0,0.0,18.373392053417014,0.0,11.835812092322787,26.689117645233267,0.0,4.235526234984602,0.0,0.0,6.2897103951210935,0.0,0.0,12.083681658295921,17.55552906804906,12.841643245852019,5.309813353288376,0.0,0.0,19.16426300338758,4.235526234984602,22.35424792139078,0.0,0.0,4.564398148148149,0.5839814814814814,1.292022864701436,0.44101851851851803,1.4681481481481484,4.462849584278156,0.0,12.0,4.0,3.0,1.0,1.0,0.0,0.0,0.0,0.0,5.0,0.0,3.0,1.0,1.0,1.0,2.0,0.0,5.0,1.3846206163143646,2.0,49.384800000000034,0.0,0.0,0.0,0.0,0.0,0.0,0.0,0.0,0.0,0.0,0.0,0.0,0.0,0.0,0.0,0.0,2.0,1.0,0.0,0.0,0.0,0.0,0.0,0.0,0.0,0.0,0.0,0.0,0.0,0.0,0.0,0.0,0.0,0.0,0.0,0.0,1.0,0.0,0.0,0.0,0.0,0.0,0.0,0.0,0.0,0.0,0.0,0.0,0.0,0.0,0.0,0.0,0.0,0.0,0.0,0.0,0.0,0.0,0.0,0.0,0.0,0.0,0.0,0.0,0.0,0.0,0.0,0.0,0.0,0.0,0.0,0.0,0.0,0.0,0.0,0.0,0.0,0.0,0.0,0.0,0.0,0.0,0.0,0.0,0.0,157.51068709057535,785.3812810763919,941.4477849079192,0.1673068752357637,0.8342271272678263,2.4803594012981733,0.005296320793700241,0.9859048683817545,0.5819275333312859,0.018034337172613185,145.0,4.311,1.587,5.999,1.878,0.0,0.0,10.0,10.0,10.0,12.35,23.668,-17.1,16.482,18.3,0.03099,-0.11793,15026.234,50.0,41.0,2.0,13.0,33.0,82.0,0.0,0.00022,0,"1PBR_5,6-dimethyl-1H-1,3-benzodiazol-2-amine",Apo
316.87300000000005,1.4073,35.94,1.0,4.0,2.0,1.0,0.0,5.0,84.77280000000006,3.0,123.0,0.0,6.268187184498436e-08,3.0,52.0,3.0,923.5598489823553,0.0,0.9523809523809523,0.0,0.0,1.0,0.3333333333333333,0.1111111111111111,0.2222222222222222,0.3333333333333333,0.0,0.0,0.0,0.0,0.0,0.0,0.0,0.0,0.0,0.0,0.0,0.0,0.0,0.0,0.0,0.0908,0.1762,0.0,0.0315,-1402.892,0.74,0.0,0.0,0.0,0.0,0.0656,0.0629,0.0,0.005,0.0,-0.0721,-0.3923,2.0,2.0,2.03,20.0,0.0,21.0,-95.1,3.0,10.759124858276643,10.759124858276643,0.21767246739017998,-0.24418272864701462,0.7814804850080759,57.714285714285715,287.64099999999996,316.191755848,122.0,0.0,0.0,0.0,0.0,0.0,1.1904761904761905,2.0476190476190474,2.9047619047619047,35.495744735151135,9.759009084283075,2.424148870818747,-2.448218098155834,2.378245683393682,-2.5190636308671066,6.201640245290672,-0.1450284691434101,2.673132540124104,1.5557578933466698,344.23866587835386,14.819626477379408,13.085672707786573,13.841601653805029,10.131030293135234,8.478636343340808,8.915072123812793,7.154083631086044,7.771297030934411,5.520741832003993,5.917133883514936,4.160680915583684,4.492406873202882,0.12999999999999998,77844.29270095403,16.004266748087698,7.1359576481282385,3.9113075298243998,132.92660183218226,0.0,0.0,0.0,0.0,0.0,132.72660490505635,0.0,0.0,0.0,0.0,0.0,0.0,0.0,0.0,9.843390348640755,11.600939890232516,0.0,9.799819461700956,11.835812092322787,43.268307135406374,46.37833597675298,0.0,0.0,0.0,0.0,0.0,0.0,11.600939890232516,78.86970347699697,4.736862953800049,11.835812092322787,25.683286491704038,0.0,0.0,0.0,0.0,0.0,5.106527394840706,0.0,29.42083273602512,6.606881964512918,45.44149049242833,12.965578028838586,0.0,0.0,16.847491444378146,16.337802844032566,6.051428177752582,6.296440213681977,4.893985149717473,10.976797325666823,0.0,0.49192079764004326,0.0,4.158310766047057,6.219111251981322,2.1897840952904986,21.0,1.0,4.0,1.0,2.0,0.0,0.0,0.0,0.0,5.0,0.0,5.0,2.0,1.0,2.0,3.0,0.0,3.0,5.4383699858905175,3.0,84.77280000000006,0.0,1.0,1.0,0.0,0.0,0.0,0.0,0.0,0.0,0.0,0.0,0.0,0.0,0.0,0.0,2.0,0.0,0.0,0.0,1.0,0.0,0.0,0.0,0.0,0.0,1.0,0.0,0.0,0.0,0.0,0.0,0.0,0.0,0.0,0.0,0.0,1.0,0.0,0.0,0.0,0.0,1.0,0.0,0.0,1.0,0.0,0.0,0.0,0.0,0.0,0.0,0.0,0.0,0.0,0.0,0.0,0.0,0.0,0.0,0.0,0.0,0.0,0.0,0.0,0.0,0.0,0.0,0.0,0.0,0.0,0.0,0.0,0.0,0.0,0.0,0.0,0.0,0.0,0.0,0.0,0.0,0.0,0.0,0.0,0.0,688.1942912962617,3761.0099094916854,4274.180238144798,0.16101199597398622,0.8799371341261328,3.8940552875547354,0.0012786173109176919,0.9869524492864249,0.5930511193582877,0.07227096204065933,144.0,4.436,2.252,5.997,5.049,0.0,0.0,10.0,10.0,9.0,11.06,25.502,-15.0,13.648,15.8,0.02873,-0.10417,21023.068,43.0,42.0,55.0,1.0,42.0,25.0,0.0,0.000156,0,"1PBR_6-chloro-3-((4-methyl-1,4-diazepan-1-yl)methyl)-4H-chromen-4-one",Apo
709.8390000000014,-6.579900000000022,319.91999999999996,12.0,19.0,24.0,1.0,0.0,18.0,171.18739999999946,5.0,181.0,0.0,5.275465617898849e-08,35.0,164.0,6.0,1423.0331591209795,0.0,0.8636363636363636,1.0,0.0,0.0,0.3333333333333333,0.2222222222222222,0.2222222222222222,0.2222222222222222,0.0,0.0,0.0,0.0,0.0,0.0,0.0,0.0,0.0,0.0,0.0,0.0,0.0,0.0,0.0,0.1715,0.173,2.0,0.091,-6903.542,0.6038,0.0001,2000000.0,2.0,0.1113,0.2107,0.1333,0.0614,0.0023,2.8669,-0.1267,-0.3936,3.0,2.0,17.2881,43.0,2.0,71.0,-384.8,35.0,8.632268956038745,8.632268956038745,0.013453187387829413,-1.837932472993132,0.07458627064286155,71.26530612244898,650.3670000000006,709.4221703280007,286.0,0.0,0.0,0.0,0.0,0.0,0.9183673469387755,1.7959183673469388,2.5714285714285716,16.760206280498583,9.839661169354436,2.520245976100861,-2.468881119219073,2.3300862084049103,-2.6765314275336087,5.011985883483541,-0.3103147402121811,3.6189051005730284,1.4872228171899484,1422.1780020208519,48.40431947821777,43.907060873717896,26.9070608737179,31.452767473921334,24.241483462142963,16.83367886382417,13.219122045863614,13.219122045863614,9.566860264837528,9.566860264837528,6.719956873171513,6.719956873171513,-0.7600000000000001,115669512961844.9,22.454994788678675,18.326081487812132,9.622168669096803,310.87310917784214,0.0,0.0,0.0,0.0,0.0,310.24112428649386,0.0,0.0,0.0,0.0,0.0,0.0,0.0,0.0,75.64418657207486,0.0,7.155998286163171,10.619626706576751,34.516490924792755,129.76039387378455,52.54442792310162,0.0,0.0,0.0,39.21821158520812,0.0,0.0,0.0,189.32157454688144,33.15804067660034,5.917906046161393,25.683286491704038,0.0,16.942104939938407,0.0,0.0,117.1048109695194,0.0,0.0,61.52087231284347,25.353986193464,12.841643245852019,10.619626706576751,0.0,0.0,5.1088081911072125,77.69137666713083,179.45867082811915,0.0,0.0,26.564842710690584,0.9929201803923862,0.0403330913823412,-5.9442051601098465,-18.096575896266888,-0.015985754207717195,0.0,49.0,17.0,19.0,1.0,4.0,0.0,0.0,0.0,0.0,18.0,0.0,19.0,4.0,1.0,4.0,5.0,0.0,0.0,8.39820539399433,5.0,171.18739999999946,0.0,5.0,5.0,0.0,0.0,0.0,0.0,0.0,0.0,0.0,0.0,0.0,0.0,0.0,0.0,0.0,2.0,5.0,0.0,0.0,0.0,0.0,0.0,0.0,0.0,0.0,0.0,0.0,0.0,0.0,0.0,0.0,0.0,0.0,0.0,0.0,0.0,0.0,0.0,0.0,0.0,7.0,0.0,0.0,0.0,0.0,0.0,0.0,0.0,0.0,0.0,0.0,0.0,0.0,0.0,0.0,0.0,0.0,0.0,0.0,0.0,0.0,0.0,0.0,0.0,0.0,0.0,0.0,0.0,1.0,0.0,0.0,0.0,0.0,0.0,0.0,0.0,0.0,0.0,0.0,0.0,0.0,0.0,0.0,0.0,5706.1253644550425,13519.734756387028,17408.78544247324,0.3277727434409911,0.77660413479519,5.238469121513536,0.00013610008283955022,0.9447565975727115,0.3176065802816586,0.15943763970444563,247.0,4.009,1.796,5.989,2.66,0.0,0.0,10.0,10.0,9.0,10.366,22.085,-26.5,24.299,28.9,0.03104,-0.10729,66030.936,76.0,78.0,88.0,12.0,35.0,46.0,0.0,3e-07,1,1PBR_Aminoglycoside_derivative_10,Apo
776.970000000001,-3.5829000000000075,307.88999999999993,11.0,18.0,25.0,1.0,0.0,20.0,192.99969999999945,6.0,281.0,0.0,8.701069538916638e-08,57.0,201.0,8.0,2910.584703013788,0.0,0.8571428571428571,1.0,0.0,0.0,0.07142857142857142,0.14285714285714285,0.42857142857142855,0.35714285714285715,0.0,0.0,0.0,0.0,0.0,0.0,0.0,0.0,0.0,0.0,0.0,0.0,0.0,0.0,0.0,0.1612,0.172,5.0,0.1063,-6605.808,0.628,0.0002,5000000.0,5.0,0.0992,0.2107,0.143,0.0566,0.0032,3.1615,-0.108,-0.3936,8.0,4.0,23.2033,47.0,5.0,75.0,-536.45,57.0,9.32156490898357,9.32156490898357,0.05413291238847773,-1.8257331827990864,0.07660286456487514,70.66666666666667,708.4260000000007,776.4895216160008,314.0,0.0,0.0,0.0,0.0,0.0,0.7962962962962963,1.6851851851851851,2.4814814814814814,16.760311674848833,9.667935960954203,2.523249664609582,-2.4690279050381023,2.433313965768887,-2.6765567812775446,5.013913554825275,-0.31036100633932595,3.6883333627647428,1.291045049949313,1536.7223224886427,50.81009687215358,46.44297494134338,30.442974941343376,33.525247118992766,26.628140829798113,19.667549826979275,15.853449764668337,15.853449764668337,12.231100315208716,12.231100315208716,9.218194493070074,9.218194493070074,-0.7200000000000001,1181733366942195.2,26.393171747646548,19.822123558501072,9.926544437827422,341.0440413946782,0.0,0.0,0.0,0.0,0.0,340.79069787293076,0.0,0.0,0.0,0.0,0.0,0.0,0.0,0.0,74.23234449374665,0.0,7.155998286163171,5.309813353288376,46.35230301711554,168.2853236113406,39.45491511127648,0.0,0.0,0.0,33.90839823191974,0.0,0.0,0.0,176.23206173505628,33.15804067660034,17.75371813848418,64.20821622926012,0.0,15.530262861610208,0.0,0.0,117.1048109695194,1.4118420783282006,0.0,56.42800569686838,29.69606766670134,25.18037091493942,30.993099844992415,0.0,0.0,5.1088081911072125,74.86769251047441,172.9296970895828,0.0,0.0,25.595765993759088,1.2461108292032888,1.8171170302993,-5.556999289209715,-9.960134825182807,-1.4048901617852654,0.0,54.0,16.0,18.0,3.0,3.0,0.0,0.0,0.0,0.0,20.0,0.0,18.0,3.0,3.0,3.0,6.0,0.0,3.0,9.688309471899807,6.0,192.99969999999945,0.0,5.0,5.0,0.0,0.0,0.0,0.0,0.0,0.0,0.0,0.0,0.0,0.0,0.0,0.0,0.0,1.0,5.0,0.0,0.0,0.0,0.0,0.0,0.0,0.0,0.0,0.0,0.0,0.0,0.0,0.0,0.0,0.0,0.0,0.0,0.0,1.0,0.0,0.0,0.0,0.0,7.0,0.0,0.0,0.0,0.0,0.0,0.0,0.0,0.0,0.0,0.0,0.0,0.0,0.0,0.0,0.0,0.0,0.0,0.0,0.0,0.0,0.0,0.0,0.0,0.0,0.0,0.0,0.0,0.0,0.0,0.0,0.0,0.0,0.0,0.0,0.0,0.0,0.0,0.0,0.0,0.0,0.0,0.0,0.0,4440.190583448751,15985.69193429885,16812.986302733814,0.26409291624336656,0.9507943232963649,5.069298478742653,0.0002141336740905998,0.9644972429147085,0.4140220484531727,0.3430632519563369,351.0,4.286,1.655,5.994,1.655,0.0,0.0,10.0,10.0,14.0,11.76,27.677,-38.8,36.39,41.2,0.02995,-0.11054,70037.293,112.0,103.0,19.0,31.0,96.0,135.0,0.0,7e-07,1,1PBR_Aminoglycoside_derivative_33,Apo
724.8540000000014,-7.67430000000003,323.15999999999997,12.0,20.0,25.0,1.0,0.0,17.0,174.90339999999944,5.0,187.0,0.0,1.831948510998461e-08,30.0,189.0,5.0,1510.9260071726599,0.0,0.7910447761194029,1.0,0.0,0.0,0.375,0.125,0.25,0.25,0.0,0.0,0.0,0.0,0.0,0.0,0.0,0.0,0.0,0.0,0.0,0.0,0.0,0.0,0.0,0.1725,0.1731,2.0,0.078,-7203.707,0.5572,0.0002,2000000.0,2.0,0.0981,0.2107,0.098,0.052,0.0024,3.0059,-0.1071,-0.3936,5.0,2.0,17.7727,39.0,2.0,72.0,-384.85,30.0,8.59404474968954,8.59404474968954,0.017331604495413044,-1.8383489268398587,0.06978060970150753,68.72,664.3740000000007,724.4330693600007,292.0,0.0,0.0,0.0,0.0,0.0,0.88,1.72,2.48,16.760226488282665,9.839661367364576,2.520208073413515,-2.4688765112264734,2.329621060175658,-2.6765309798971644,5.011974355825099,-0.310313965865171,3.643697591307705,1.4691051490191653,1433.4860775374493,49.11142625940432,44.48403098121477,27.484030981214776,31.952767473921334,24.465421888801885,17.05761729048309,13.134574127220805,13.134574127220805,9.586688340959178,9.586688340959178,6.635572573967838,6.635572573967838,-0.8000000000000002,195185015296139.1,23.194496797915605,18.98870529651426,9.837051039697545,316.6329428480455,0.0,0.0,0.0,0.0,0.0,316.0157539430686,0.0,0.0,0.0,0.0,0.0,0.0,0.0,0.0,75.64418657207486,0.0,7.155998286163171,15.51953643742723,28.598584878631364,116.91875062793251,72.17869714083935,0.0,0.0,0.0,39.21821158520812,0.0,0.0,0.0,213.85575349546963,33.15804067660034,0.0,12.841643245852019,0.0,16.942104939938407,0.0,0.0,117.1048109695194,0.0,0.0,55.60296626668208,44.98825541120172,0.0,10.619626706576751,0.0,0.0,10.00871792195769,77.69137666713083,179.28506433389072,0.0,2.1161697928696035,26.58747892139688,0.9955091740104265,0.0,-5.945479722023215,-19.712222127482033,1.8401462940043143,0.0,50.0,17.0,20.0,1.0,4.0,0.0,0.0,0.0,0.0,17.0,0.0,20.0,4.0,1.0,4.0,5.0,0.0,0.0,8.808669283931263,5.0,174.90339999999944,0.0,5.0,5.0,0.0,0.0,0.0,0.0,0.0,0.0,0.0,0.0,0.0,0.0,0.0,0.0,1.0,2.0,5.0,0.0,0.0,0.0,0.0,0.0,0.0,0.0,0.0,0.0,0.0,0.0,0.0,0.0,0.0,0.0,0.0,0.0,0.0,0.0,0.0,0.0,0.0,0.0,7.0,0.0,0.0,0.0,0.0,0.0,0.0,0.0,0.0,0.0,0.0,0.0,0.0,0.0,0.0,0.0,0.0,0.0,0.0,0.0,0.0,0.0,0.0,0.0,0.0,0.0,0.0,0.0,0.0,1.0,0.0,0.0,0.0,0.0,0.0,0.0,0.0,0.0,0.0,0.0,0.0,0.0,0.0,0.0,4909.92222543887,15152.281139166735,18082.82758294547,0.2715240303496332,0.8379375996184009,5.290148600815822,0.00017066209221745917,0.962431660401242,0.3945166953758951,0.20631723961109133,254.0,3.994,1.594,5.993,2.569,0.0,0.0,10.0,10.0,8.0,10.464,20.442,-28.5,26.169,30.9,0.03147,-0.1122,67031.539,82.0,76.0,94.0,10.0,40.0,43.0,0.0,1.3e-06,0,1PBR_Aminoglycoside_derivative_8,Apo
595.8820000000007,-2.4145999999999916,211.17,11.0,13.0,16.0,1.0,0.0,10.0,165.09469999999962,5.0,227.0,0.0,1.9405867009005945e-08,13.0,172.0,8.0,2107.35399992123,0.0,0.8490566037735849,1.0,0.0,0.0,0.25,0.16666666666666666,0.3333333333333333,0.25,0.0,0.0,0.0,0.0,0.0,0.0,0.0,0.0,0.0,0.0,0.0,0.0,0.0,0.0,0.0,0.1241,0.1722,2.0,0.0554,-4105.605,0.6962,0.0001,0.5,2.0,0.0008,0.2105,0.065,0.0004,0.0029,2.9116,-0.1096,-0.3927,5.0,3.0,7.0143,42.0,2.0,56.0,-234.55,13.0,11.446873448553262,11.446873448553262,0.0482273838447429,-1.0437128981939037,0.11251658163054214,62.38095238095238,534.3940000000005,595.5009701920004,244.0,0.0,0.0,0.0,0.0,0.0,0.9047619047619048,1.5952380952380953,2.261904761904762,16.29698517912306,9.657045156554059,2.413141525234383,-2.4945973592139867,2.4326371935924294,-2.7959028893717512,4.936004184197666,-0.07112286199344904,3.153748312141294,1.2636523734283798,1067.646540090438,38.39624778871001,35.8821891604103,24.8821891604103,25.247330251463406,21.28476998374739,16.40438573828396,13.340474127326187,13.340474127326187,10.313235097393203,10.313235097393203,8.104466235387054,8.104466235387054,-0.5199999999999999,330069672755.4478,21.307396094985112,15.657447193227581,8.593101985867776,268.267395096535,0.0,0.0,0.0,0.0,0.0,268.03329239624856,0.0,0.0,0.0,0.0,0.0,0.0,0.0,0.0,24.333756369229917,0.0,1.4311996572326342,36.369811980296696,40.63258604138927,125.99739991262442,39.26853843547545,0.0,0.0,0.0,49.44886042150084,0.0,0.0,0.0,116.08325520079525,0.0,17.75371813848418,70.62903785218613,0.0,14.118420783282007,0.0,0.0,43.28468040214237,6.518369473168907,0.0,57.270126139932756,66.81878810985793,25.683286491704038,23.46126995242877,0.0,9.799819461700956,15.950365812018994,19.24658655329365,88.24554337143348,0.0,3.762393413643218,29.627592191809356,2.307607919109651,0.7190840351252126,-1.5977151443308826,5.317056006080332,1.118438207129635,0.0,42.0,15.0,13.0,3.0,2.0,0.0,0.0,0.0,0.0,10.0,0.0,13.0,2.0,3.0,2.0,5.0,0.0,7.0,7.943319742438403,5.0,165.09469999999962,0.0,2.0,2.0,0.0,0.0,0.0,0.0,0.0,0.0,0.0,0.0,0.0,0.0,0.0,0.0,2.0,5.0,4.0,0.0,0.0,1.0,0.0,0.0,0.0,0.0,0.0,0.0,0.0,0.0,0.0,0.0,0.0,0.0,0.0,0.0,0.0,1.0,0.0,0.0,0.0,0.0,0.0,0.0,0.0,0.0,0.0,0.0,0.0,0.0,0.0,0.0,0.0,0.0,0.0,0.0,0.0,0.0,0.0,0.0,0.0,0.0,0.0,0.0,0.0,0.0,0.0,0.0,0.0,0.0,1.0,0.0,0.0,0.0,0.0,0.0,0.0,0.0,0.0,0.0,0.0,0.0,0.0,0.0,0.0,0.0,2891.1636301715184,17839.13458684056,18622.769961821043,0.15524885052539217,0.9579205791304392,6.005982868369072,0.0003313270024338299,0.9878753941720303,0.6089627775703602,0.21984139148444765,280.0,4.158,1.866,5.997,4.541,0.0,0.0,10.0,10.0,12.0,10.143,29.447,-29.5,27.085,31.1,0.02836,-0.10536,53041.224,86.0,88.0,83.0,21.0,61.0,62.0,0.0,1e-05,0,1PBR_Diamino_piperidinyl_triazine_3,Apo
527.7630000000008,-3.8340999999999936,211.17,11.0,13.0,13.0,1.0,0.0,11.0,144.21969999999988,4.0,223.0,0.0,7.583959665773429e-08,24.0,215.0,7.0,1808.7315179517282,0.0,0.9583333333333334,1.0,0.0,0.0,0.2727272727272727,0.09090909090909091,0.36363636363636365,0.2727272727272727,0.0,0.0,0.0,0.0,0.0,0.0,0.0,0.0,0.0,0.0,0.0,0.0,0.0,0.0,0.0,0.1334,0.1731,3.0,0.094,-4105.359,0.647,0.0001,0.75,3.0,0.0171,0.2105,0.0826,0.0068,0.0037,3.0582,-0.1075,-0.3914,6.0,2.0,9.3098,42.0,3.0,55.0,-255.2,24.0,10.582264841221441,10.582264841221441,0.16979832972450049,-1.015346898605378,0.1367493290494124,64.32432432432432,474.3390000000004,527.4383699360003,216.0,0.0,0.0,0.0,0.0,0.0,0.918918918918919,1.4864864864864864,1.972972972972973,16.288979684165636,9.879421444351896,2.393090320541782,-2.5086499707783654,2.215800379643739,-2.8037843016686925,4.946404924460356,-0.03394681052988675,3.0561512337708194,1.5628050253057586,910.9307025203719,35.44650032040418,32.93244169210447,21.93244169210447,22.58553420891493,18.656746102920625,13.776361857457188,11.683100303316465,11.683100303316465,7.681708581638404,7.681708581638404,5.9928097714497195,5.9928097714497195,-0.5199999999999999,18086646949.88401,18.021185600799676,13.222961985089357,8.480608336426759,237.44851567808095,0.0,0.0,0.0,0.0,0.0,236.9350154351475,0.0,0.0,0.0,0.0,0.0,0.0,0.0,0.0,24.333756369229917,0.0,1.4311996572326342,36.3698119802967,28.796773949066484,119.82444785567151,26.1790256236503,0.0,0.0,0.0,49.44886042150083,0.0,0.0,0.0,115.07742404726604,0.0,5.917906046161393,52.372404136937305,0.0,14.118420783282007,0.0,0.0,67.4520437187342,6.518369473168907,0.0,51.35939653858971,42.141332771683125,5.309813353288376,5.309813353288376,0.0,23.647293861082204,15.950365812018994,19.24658655329365,88.82515690545112,0.0,3.7536599427149158,28.25727915983841,2.319934332932725,0.16979832972450049,-3.3616258269568866,-1.8843840399017269,4.920181196196942,0.0,37.0,15.0,13.0,1.0,3.0,0.0,0.0,0.0,0.0,11.0,0.0,13.0,3.0,1.0,3.0,4.0,0.0,7.0,6.4403635709625355,4.0,144.21969999999988,0.0,2.0,2.0,0.0,0.0,0.0,0.0,0.0,0.0,0.0,0.0,0.0,0.0,0.0,0.0,2.0,5.0,4.0,0.0,0.0,2.0,0.0,0.0,0.0,0.0,0.0,0.0,0.0,0.0,0.0,0.0,0.0,0.0,0.0,0.0,0.0,0.0,0.0,0.0,0.0,0.0,0.0,0.0,0.0,0.0,0.0,0.0,0.0,0.0,0.0,0.0,0.0,0.0,0.0,0.0,0.0,0.0,0.0,0.0,0.0,0.0,0.0,0.0,0.0,0.0,0.0,0.0,0.0,0.0,2.0,0.0,0.0,0.0,0.0,0.0,0.0,0.0,0.0,0.0,0.0,0.0,0.0,0.0,0.0,0.0,3370.678032579376,10301.786585507332,12304.894132369813,0.2739298685806908,0.8372105013408433,5.172738619456055,0.00024838044252484617,0.9617496696642871,0.39083697554063634,0.2247040267330468,271.0,4.035,1.673,5.965,2.768,0.0,0.0,10.0,10.0,11.0,10.395,28.286,-29.2,27.047,31.2,0.02905,-0.10775,48042.992,86.0,86.0,94.0,12.0,65.0,52.0,0.0,1.2e-05,0,1PBR_Diamino_piperidinyl_triazine_8,Apo
383.39799999999997,-5.794399999999992,224.13999999999996,10.0,12.0,13.0,1.0,0.0,12.0,84.95910000000005,2.0,164.0,0.0,7.11878110028076e-08,10.0,154.0,5.0,1242.8954414623374,0.0,0.8888888888888888,1.0,0.0,0.0,0.3,0.1,0.3,0.3,0.0,0.0,0.0,0.0,0.0,0.0,0.0,0.0,0.0,0.0,0.0,0.0,0.0,0.0,0.0,0.2051,0.1765,3.0,0.0445,-4503.696,0.5894,0.0002,1.5,3.0,0.0731,0.2135,0.0774,0.0407,0.0023,2.8275,-0.1073,-0.3875,4.0,2.0,12.3094,30.0,3.0,40.0,-224.95,10.0,9.754148486563572,9.754148486563572,0.07327280282807402,-1.8836094484311887,0.20037712231993204,72.92307692307692,354.1660000000001,383.19037950800015,154.0,0.0,0.0,0.0,0.0,0.0,1.1538461538461537,1.8076923076923077,2.3461538461538463,16.699278771603602,9.844637506520701,2.504750152100183,-2.455091298679166,2.280158328279345,-2.6659342036375353,4.999895245904391,-0.29424370323660065,2.853810981952557,2.2943528061744267,635.1565683657726,27.153971580520242,23.74293712167284,13.74293712167284,17.088885035417793,12.341160517286632,8.10281639250362,6.54497832772224,6.54497832772224,4.6140060254272255,4.6140060254272255,3.0194048379342653,3.0194048379342653,-0.4799999999999999,47186389.04969223,11.504296440966494,8.684828140110472,4.493889413988657,164.2901595893412,0.0,0.0,0.0,0.0,0.0,163.12572552720718,0.0,0.0,0.0,0.0,0.0,0.0,0.0,0.0,50.880470762396875,0.0,8.587197943395806,5.316788604006331,11.439433951452546,86.90183426595561,0.0,0.0,0.0,0.0,16.756222555458876,0.0,0.0,0.0,117.90384992821882,9.473725907600098,0.0,13.344558822616634,0.0,5.6473683133128025,0.0,0.0,73.55727544333898,5.106527394840706,0.0,17.860255574378556,0.0,0.0,0.0,6.923737199690624,0.0,35.9696377506496,23.708292164308702,85.58201197921733,0.0,0.0,39.24091460482045,0.3226910284516571,0.0,-1.9716870113645912,-14.714519025914226,1.5405884247893629,0.0,26.0,12.0,12.0,1.0,1.0,0.0,0.0,0.0,0.0,12.0,0.0,12.0,1.0,1.0,1.0,2.0,0.0,2.0,3.842801440872252,2.0,84.95910000000005,0.0,7.0,6.0,0.0,0.0,0.0,0.0,0.0,0.0,0.0,0.0,0.0,0.0,0.0,0.0,0.0,1.0,2.0,0.0,0.0,0.0,0.0,0.0,0.0,0.0,0.0,0.0,0.0,0.0,0.0,0.0,0.0,0.0,0.0,0.0,0.0,0.0,0.0,0.0,0.0,0.0,2.0,0.0,0.0,0.0,0.0,0.0,0.0,0.0,0.0,0.0,0.0,0.0,0.0,0.0,0.0,0.0,0.0,0.0,0.0,0.0,0.0,0.0,0.0,0.0,0.0,0.0,0.0,0.0,0.0,0.0,0.0,0.0,0.0,0.0,0.0,0.0,0.0,0.0,0.0,0.0,0.0,0.0,0.0,0.0,1127.400136793794,4738.582223534582,5237.054566553228,0.21527370442042068,0.9048181880322251,3.9039882210408723,0.0008025705856355772,0.9765537528396014,0.4896009028946844,0.18882796092019907,200.0,4.045,1.54,5.974,4.799,0.0,0.0,10.0,10.0,10.0,10.47,25.96,-22.6,21.309,23.8,0.03003,-0.113,36034.895,65.0,64.0,77.0,4.0,53.0,30.0,0.0,1.5e-05,0,1PBR_Kasugamycin,Apo
298.47099999999995,2.3121,56.510000000000005,2.0,4.0,8.0,1.0,0.0,6.0,86.33310000000006,2.0,155.0,0.0,1.1494841919906094e-07,7.0,98.0,4.0,1185.3004441870453,0.0,1.0,1.0,0.0,0.0,0.3333333333333333,0.1111111111111111,0.2222222222222222,0.3333333333333333,0.0,0.0,0.0,0.0,0.0,0.0,0.0,0.0,0.0,0.0,0.0,0.0,0.0,0.0,0.0,0.0951,0.1756,2.0,0.0636,-1403.832,0.7658,0.0,2000000.0,2.0,0.0889,0.1225,0.0538,0.0445,0.0031,3.0736,-0.0568,-0.3814,2.0,2.0,2.6617,25.0,2.0,27.0,-110.05,7.0,8.558700396825397,8.558700396825397,0.08631455180021219,-0.08631455180021219,0.7082678867569914,53.714285714285715,264.19899999999996,298.2620283280001,124.0,0.0,0.0,0.0,0.0,0.0,1.2380952380952381,2.0476190476190474,2.761904761904762,16.47747247099215,9.663550338256911,2.408343457571775,-2.4604525156329453,2.4173255848671555,-2.502665038277798,4.945548055700059,-0.041417637288559864,2.591896760152617,1.9269638714343023,375.7448174189117,17.689869965382485,16.83187963655778,13.83187963655778,11.45592745803129,9.880418983760855,8.53877819726098,6.888591292480009,6.888591292480009,5.374526126393912,5.374526126393912,4.13010381003538,4.13010381003538,-0.16,211776.1085817899,13.294679352039854,8.466676233694534,4.9158131377551015,134.07258728796975,0.0,0.0,0.0,0.0,0.0,133.50004904635497,0.0,0.0,0.0,0.0,0.0,0.0,0.0,0.0,13.7092521425847,0.0,0.0,5.309813353288376,17.55552906804906,76.16110299396523,20.764351488467643,0.0,0.0,0.0,11.029530329014648,0.0,0.0,0.0,45.055965922260164,9.473725907600098,11.835812092322787,51.8694885601727,0.0,4.235526234984602,0.0,0.0,0.0,0.0,0.0,18.187648046044224,24.484534885983667,44.244646713282336,6.4208216229260096,19.529408435843443,6.923737199690624,0.0,13.7092521425847,34.39134584815383,0.0,0.0,1.755791761148904,0.7601182899825576,1.1645564583858232,0.14059493421641633,7.6205942308052705,2.5797113077452183,3.587287169561978,21.0,3.0,4.0,2.0,0.0,0.0,0.0,0.0,0.0,6.0,0.0,4.0,0.0,2.0,0.0,2.0,0.0,5.0,5.360083128785965,2.0,86.33310000000006,0.0,0.0,0.0,0.0,0.0,0.0,0.0,0.0,0.0,0.0,0.0,0.0,0.0,0.0,0.0,0.0,1.0,1.0,0.0,0.0,0.0,0.0,0.0,0.0,0.0,0.0,0.0,0.0,0.0,0.0,0.0,0.0,0.0,0.0,0.0,0.0,1.0,0.0,0.0,0.0,0.0,2.0,0.0,0.0,0.0,0.0,0.0,0.0,0.0,0.0,0.0,0.0,0.0,0.0,0.0,2.0,0.0,0.0,0.0,0.0,0.0,0.0,0.0,0.0,0.0,0.0,0.0,0.0,0.0,0.0,0.0,0.0,0.0,0.0,0.0,0.0,0.0,0.0,0.0,0.0,0.0,0.0,0.0,0.0,0.0,1123.87565234248,2757.8578432103322,3790.824404536813,0.29647262241886996,0.7275087286843889,3.7889438710676813,0.0006473213715129885,0.955041352066013,0.3686045623976272,0.05097777807767608,179.0,4.302,1.798,5.986,5.063,0.0,0.0,10.0,10.0,9.0,10.873,25.628,-17.9,16.74,18.7,0.02715,-0.1,24032.045,52.0,55.0,65.0,11.0,53.0,26.0,0.0,0.000206,0,"1PBR_N1-(3,7-dimethoxynaphthalen-1-yl)pentane-1,4-diamine",Apo
353.3719999999999,-4.843899999999991,195.89999999999998,7.0,11.0,12.0,1.0,0.0,10.0,79.31540000000004,2.0,144.0,0.0,1.1872000424591768e-07,12.0,101.0,4.0,1017.7146506793357,0.0,0.8529411764705882,1.0,0.0,0.0,0.42857142857142855,0.0,0.2857142857142857,0.2857142857142857,0.0,0.0,0.0,0.0,0.0,0.0,0.0,0.0,0.0,0.0,0.0,0.0,0.0,0.0,0.0,0.1989,0.1765,3.0,0.0633,-4103.157,0.5454,0.0002,3000000.0,3.0,0.0665,0.2107,0.111,0.0272,0.0024,3.1053,-0.1062,-0.3936,4.0,2.0,9.9535,29.0,3.0,35.0,-189.65,12.0,7.793311077517428,7.793311077517428,0.09558130196523051,-1.637627551020408,0.25019089109443665,74.33333333333333,326.15600000000006,353.1798148240002,142.0,0.0,0.0,0.0,0.0,0.0,1.0416666666666667,1.8333333333333333,2.4583333333333335,16.71912174024185,9.94986604740527,2.488675594111654,-2.4622493719426166,2.2727007609577847,-2.6775669982589494,4.9629347111776605,-0.3183166399553547,2.7697976616139144,2.4567848298571953,607.1354165389308,25.576621311330616,22.795343364480132,12.795343364480134,16.14019663043405,11.68600955697459,7.369734822119387,5.646523368425901,5.646523368425901,4.09698007665956,4.09698007665956,2.6833599354228395,2.6833599354228395,-0.43999999999999995,17289697.438470256,10.039359567901233,8.29302746605493,3.7104995371700333,153.50240793899718,0.0,0.0,0.0,0.0,0.0,152.28665596086677,0.0,0.0,0.0,0.0,0.0,0.0,0.0,0.0,47.853737049598244,0.0,5.724798628930537,0.0,17.15915092717882,61.287533443456155,20.26143591170303,0.0,0.0,0.0,17.15915092717882,0.0,0.0,0.0,107.7090007485186,18.947451815200196,0.0,0.0,0.0,8.471052469969203,0.0,0.0,74.43917181388166,0.0,0.0,17.15915092717882,0.0,0.0,7.109797541277533,0.0,0.0,15.326424573321638,38.252111105207135,97.29278363888662,0.0,0.0,18.15318603561208,0.5328666643935405,0.0,-2.9166651969429744,-11.062533891923774,-0.8819235572761903,1.2156196405840163,24.0,10.0,11.0,0.0,2.0,0.0,0.0,0.0,0.0,10.0,0.0,11.0,2.0,0.0,2.0,2.0,0.0,0.0,3.4690285265919285,2.0,79.31540000000004,0.0,4.0,4.0,0.0,0.0,0.0,0.0,0.0,0.0,0.0,0.0,0.0,0.0,0.0,0.0,0.0,0.0,3.0,0.0,0.0,0.0,0.0,0.0,0.0,0.0,0.0,0.0,0.0,0.0,0.0,0.0,0.0,0.0,0.0,0.0,0.0,0.0,0.0,0.0,0.0,0.0,4.0,0.0,0.0,0.0,0.0,0.0,0.0,0.0,0.0,0.0,0.0,0.0,0.0,0.0,1.0,0.0,0.0,0.0,0.0,0.0,0.0,0.0,0.0,0.0,0.0,0.0,0.0,0.0,0.0,0.0,0.0,0.0,0.0,0.0,0.0,0.0,0.0,0.0,0.0,0.0,0.0,0.0,0.0,0.0,1262.8143161495232,3516.4660501836147,4261.093043110466,0.29635924476967246,0.8252497691570478,3.666537081083392,0.0006535004858618773,0.9550765404089607,0.3578462204156485,0.24003069319538156,178.0,4.226,1.671,5.993,3.547,0.0,0.0,10.0,10.0,7.0,11.124,18.569,-20.3,19.242,21.9,0.03177,-0.11404,34026.373,58.0,57.0,91.0,0.0,23.0,30.0,0.0,4.9e-05,0,1PBR_Neamine_mimic_1,Apo
256.34999999999997,-1.4334999999999967,83.82,5.0,5.0,2.0,1.0,0.0,5.0,66.98430000000003,3.0,135.0,0.0,7.59594253562656e-08,0.0,82.0,4.0,1010.0016818455085,0.0,1.0,0.0,1.0,0.0,0.3333333333333333,0.1111111111111111,0.2222222222222222,0.3333333333333333,0.0,0.0,0.0,0.0,0.0,0.0,0.0,0.0,0.0,0.0,0.0,0.0,0.0,0.0,0.0,0.1288,0.1769,2.0,0.0,-2003.102,0.7268,0.0001,0.6667,2.0,0.0957,0.1241,0.1104,0.0828,0.0062,2.9553,-0.0244,-0.5998,2.0,2.0,3.1914,26.0,2.0,21.0,-103.05,0.0,11.142391695505873,11.142391695505873,0.031371409674980866,-0.7196163730516181,0.3911707458503972,63.111111111111114,232.15799999999996,256.189926008,104.0,0.0,0.0,0.0,0.0,0.0,1.1666666666666667,1.9444444444444444,2.6666666666666665,16.78567911248907,9.880610624963788,2.416590922100144,-2.3310683428596346,2.2643796899574307,-3.090527537791323,4.993376267034161,-1.0677813950076942,2.7646565923245596,1.6252876555463311,341.4190118890933,14.275656403009389,12.586387891217703,10.586387891217703,9.5585506480638,7.95319325874411,7.058766067744194,5.790879832689647,5.790879832689647,4.665289250372428,4.665289250372428,3.5427547425437225,3.5427547425437225,-0.24000000000000002,49244.063222485056,10.535938040657442,5.401912149424048,2.5408435388326014,110.56813981479233,0.0,0.0,0.0,0.0,0.0,109.80395630806929,0.0,0.0,0.0,0.0,0.0,0.0,0.0,0.0,13.25746290051391,0.0,0.0,15.936415310583083,5.917906046161393,56.395406214208464,13.08951281182515,5.20725302477729,0.0,0.0,21.1629410296633,0.0,0.0,0.0,42.588063936180845,0.0,11.125159070938683,32.10410811463005,0.0,2.8236841566564013,0.0,0.0,5.22652571908022,5.20725302477729,0.0,24.29129809957841,12.338727669087403,38.7727993035292,0.0,10.619626706576751,0.0,5.316788604006331,8.030937181433691,15.954499897449033,0.0,0.0,26.356486024697602,0.0,0.4055352418745273,0.005325386327369674,4.076227009322248,1.5352597736625515,0.0,18.0,5.0,6.0,1.0,2.0,0.0,0.0,0.0,0.0,5.0,0.0,6.0,2.0,1.0,2.0,3.0,0.0,5.0,3.1619006504114684,3.0,66.98430000000003,0.0,0.0,0.0,0.0,0.0,0.0,0.0,0.0,0.0,0.0,0.0,0.0,0.0,0.0,0.0,0.0,4.0,0.0,2.0,0.0,0.0,0.0,0.0,0.0,0.0,0.0,0.0,0.0,0.0,0.0,0.0,0.0,0.0,0.0,0.0,0.0,1.0,0.0,0.0,0.0,0.0,0.0,0.0,0.0,0.0,0.0,0.0,0.0,0.0,0.0,0.0,0.0,0.0,0.0,0.0,0.0,0.0,0.0,0.0,0.0,0.0,0.0,0.0,0.0,0.0,0.0,0.0,0.0,0.0,1.0,0.0,0.0,0.0,0.0,1.0,0.0,0.0,0.0,0.0,0.0,0.0,0.0,0.0,0.0,0.0,352.2383340819959,2746.162508452175,2884.166577715687,0.12212829064851559,0.9521511446912289,3.5740404695015875,0.002703144582978814,0.9925143226287828,0.6795306269351672,0.09921036066562923,155.0,4.363,1.518,6.0,10.0,0.0,0.0,10.0,10.0,9.0,10.328,23.871,-16.3,14.729,16.3,0.02617,-0.10516,20027.596,47.0,50.0,58.0,5.0,44.0,28.0,0.0,0.000308,0,1PBR_Nitro_substituted_benzimidazole_16S_A-site_RNA,Apo
739.8610000000011,-5.953900000000018,322.33,12.0,19.0,25.0,1.0,0.0,20.0,176.43489999999937,5.0,207.0,0.0,4.593503791938453e-08,24.0,174.0,5.0,1683.1912065892445,0.0,0.8208955223880597,1.0,0.0,0.0,0.2727272727272727,0.18181818181818182,0.2727272727272727,0.2727272727272727,0.0,0.0,0.0,0.0,0.0,0.0,0.0,0.0,0.0,0.0,0.0,0.0,0.0,0.0,0.0,0.1767,0.173,1.0,0.0631,-7104.255,0.6259,0.0001,1000000.0,1.0,0.024,0.2108,0.1037,0.024,0.0026,3.116,-0.1047,-0.3936,4.0,1.0,17.8149,48.0,1.0,71.0,-380.35,24.0,8.79234763229405,8.79234763229405,0.08131595420651005,-1.8378473127381152,0.07378947659271134,72.0,678.3730000000006,739.4215016320007,298.0,0.0,0.0,0.0,0.0,0.0,0.803921568627451,1.607843137254902,2.3529411764705883,16.744244775923164,9.839489997234987,2.5357401677712077,-2.470438125771251,2.34157255580518,-2.6793842168016404,5.019259417264952,-0.3067405780368923,3.6189320334900987,1.4470251981755469,1438.286604332371,49.11142625940432,44.276724020838415,28.276724020838415,32.0836186337093,24.491577468580594,17.608917075833943,14.104911464311934,14.104911464311934,10.633467746155517,10.633467746155517,7.542730899927175,7.542730899927175,-0.7600000000000001,220935062315134.4,24.689751194732285,18.7186687492943,9.554857436133451,320.89590814977817,0.0,0.0,0.0,0.0,0.0,320.3951274224757,0.0,0.0,0.0,0.0,0.0,0.0,0.0,0.0,81.6262767193047,0.0,10.01839760062844,5.309813353288376,28.796773949066484,154.6860351121466,39.95783068804109,0.0,0.0,0.0,28.188681256193462,0.0,0.0,0.0,201.89899100101061,33.15804067660034,5.917906046161393,38.524929737556064,0.0,12.706578704953806,0.0,0.0,123.08484257428115,0.0,0.0,61.141891519065425,6.4208216229260096,25.683286491704038,5.309813353288376,7.109797541277533,0.0,5.1088081911072125,86.53586612882596,170.87951732563027,0.0,0.0,35.35766488916644,0.7009501189009362,0.27730244870820875,-4.6487007717302555,-18.759663971807484,-1.2996529016991638,1.6592495294977179,51.0,16.0,19.0,2.0,3.0,0.0,0.0,0.0,0.0,20.0,0.0,19.0,3.0,2.0,3.0,5.0,0.0,2.0,9.061946551307583,5.0,176.43489999999937,0.0,7.0,7.0,0.0,0.0,0.0,0.0,0.0,0.0,0.0,0.0,0.0,0.0,0.0,0.0,0.0,1.0,4.0,0.0,0.0,0.0,0.0,0.0,0.0,0.0,0.0,0.0,0.0,0.0,0.0,0.0,0.0,0.0,0.0,0.0,0.0,0.0,0.0,0.0,0.0,0.0,7.0,0.0,0.0,0.0,0.0,0.0,0.0,0.0,0.0,0.0,0.0,0.0,0.0,0.0,1.0,0.0,0.0,0.0,0.0,0.0,0.0,0.0,0.0,0.0,0.0,0.0,0.0,0.0,0.0,0.0,0.0,0.0,0.0,0.0,0.0,0.0,0.0,0.0,0.0,0.0,0.0,0.0,0.0,0.0,5144.516568259642,17416.27279269018,19712.852338300527,0.2609727136373994,0.8834983641028815,5.51675116660548,0.0001717359352196165,0.9653461776672305,0.411968847563694,0.22759566414187585,274.0,4.101,1.502,5.993,3.078,0.0,0.0,10.0,10.0,11.0,10.27,25.48,-30.4,28.108,32.4,0.03098,-0.11095,67035.78,86.0,86.0,88.0,17.0,43.0,59.0,0.0,1e-07,1,1PBR_Perazidoparomomycin_derivative_22,Apo
683.753000000001,-7.416500000000025,313.53999999999996,11.0,19.0,22.0,1.0,0.0,18.0,158.06919999999963,5.0,194.0,0.0,5.1110626665570346e-08,17.0,155.0,6.0,1580.5200816045938,0.0,0.7096774193548387,1.0,0.0,0.0,0.3,0.1,0.3,0.3,0.0,0.0,0.0,0.0,0.0,0.0,0.0,0.0,0.0,0.0,0.0,0.0,0.0,0.0,0.0,0.1857,0.174,3.0,0.0483,-7103.78,0.5833,0.0001,3000000.0,3.0,0.1353,0.2108,0.0779,0.0519,0.0032,3.1128,-0.1088,-0.3936,4.0,2.0,16.759,45.0,3.0,65.0,-351.7,17.0,8.364510851242297,8.364510851242297,0.11724285956533786,-1.754642009311332,0.09631079230145054,72.59574468085107,630.3290000000005,683.3589013760005,274.0,0.0,0.0,0.0,0.0,0.0,0.7446808510638298,1.5106382978723405,2.234042553191489,16.74416510188741,9.83936516334725,2.5354907994944953,-2.471948699705342,2.340307233477618,-2.6746181756977765,5.018211447582971,-0.3082642847874303,3.5677507952124268,1.4686328292515398,1313.3218039750966,45.24961893983851,40.41491670127262,25.414916701272617,29.7579201310138,22.25274990510841,15.817303107861715,12.538794852886076,12.538794852886076,9.394481454009842,9.394481454009842,6.552361445519129,6.552361445519129,-0.7600000000000001,24221285306830.957,22.234896549494568,16.506544292557248,8.252579065030213,294.183084046381,0.0,0.0,0.0,0.0,0.0,293.51694558975686,0.0,0.0,0.0,0.0,0.0,0.0,0.0,0.0,80.21443464097649,0.0,10.01839760062844,4.899909730850478,22.878867902905093,122.89878223269424,52.606553481701965,0.0,0.0,0.0,22.878867902905093,0.0,0.0,0.0,213.34365713777365,33.15804067660034,0.0,12.841643245852019,0.0,11.294736626625605,0.0,0.0,123.08484257428115,0.0,0.0,42.45132789625659,32.84803314676356,0.0,0.0,0.0,0.0,10.00871792195769,85.12402405049775,161.331157182333,0.0,2.0595892192744865,34.11690915693798,0.7764466543239148,0.0,-4.497255379653189,-22.081227734535474,1.2943809013193213,0.0,47.0,15.0,19.0,1.0,4.0,0.0,0.0,0.0,0.0,18.0,0.0,19.0,4.0,1.0,4.0,5.0,0.0,0.0,7.80896393052469,5.0,158.06919999999963,0.0,7.0,7.0,0.0,0.0,0.0,0.0,0.0,0.0,0.0,0.0,0.0,0.0,0.0,0.0,1.0,0.0,4.0,0.0,0.0,0.0,0.0,0.0,0.0,0.0,0.0,0.0,0.0,0.0,0.0,0.0,0.0,0.0,0.0,0.0,0.0,0.0,0.0,0.0,0.0,0.0,7.0,0.0,0.0,0.0,0.0,0.0,0.0,0.0,0.0,0.0,0.0,0.0,0.0,0.0,0.0,1.0,0.0,0.0,0.0,0.0,0.0,0.0,0.0,0.0,0.0,0.0,0.0,0.0,0.0,0.0,0.0,0.0,0.0,0.0,0.0,0.0,0.0,0.0,0.0,0.0,0.0,0.0,0.0,0.0,3786.7397314822947,15039.0955160845,16907.351517471478,0.22397001254567916,0.8895003750613226,5.261261774184477,0.000234898735623727,0.9745960360479046,0.473436702825046,0.21477650199236956,256.0,4.177,1.69,5.998,3.304,0.0,0.0,10.0,10.0,10.0,10.768,26.498,-28.3,26.156,29.9,0.03047,-0.11055,62032.498,80.0,80.0,88.0,9.0,44.0,53.0,0.0,3.6e-06,0,1PBR_Perazidoparomomycin_derivative_3,Apo
262.30599999999987,-2.962499999999994,142.19,6.0,7.0,6.0,1.0,0.0,7.0,62.512000000000036,2.0,136.0,0.0,1.0441753875647919e-07,6.0,98.0,3.0,903.1682935973109,0.0,0.9230769230769231,1.0,0.0,0.0,0.42857142857142855,0.14285714285714285,0.14285714285714285,0.2857142857142857,0.0,0.0,0.0,0.0,0.0,0.0,0.0,0.0,0.0,0.0,0.0,0.0,0.0,0.0,0.0,0.177,0.1765,2.0,0.0403,-2603.053,0.6057,0.0001,2000000.0,2.0,0.0989,0.2107,0.0878,0.0926,0.0014,3.0126,-0.1052,-0.3903,5.0,2.0,6.9051,23.0,2.0,29.0,-148.7,6.0,7.752309145880575,7.752309145880575,0.07089285714285687,-1.478634259259259,0.2736348533196263,80.44444444444444,240.12999999999994,262.15287180400003,106.0,0.0,0.0,0.0,0.0,0.0,1.2222222222222223,2.1666666666666665,2.8333333333333335,16.531046900286814,9.717704929637272,2.5408935288672168,-2.487491190126896,2.371182478241013,-2.693289419445635,5.0890189188065555,-0.19939682785470506,2.7992557497571795,2.432201232059656,438.8094174634765,19.48276318419594,17.728197383203177,9.728197383203177,12.354938242258442,9.437750466396768,6.015902922541482,5.0856013926074155,5.0856013926074155,3.938621501071743,3.938621501071743,2.689510594133221,2.689510594133221,-0.28,494639.68800509267,6.938464269066656,5.009247445317773,2.1589852836927976,117.16594305985838,0.0,0.0,0.0,0.0,0.0,115.9536414654886,0.0,0.0,0.0,0.0,0.0,0.0,0.0,0.0,30.819464031541692,0.0,5.724798628930537,0.0,11.439433951452546,61.36306288905084,6.606881964512918,0.0,0.0,0.0,11.439433951452546,0.0,0.0,0.0,74.86751137814515,4.736862953800049,0.0,19.26246486877803,0.0,5.6473683133128025,0.0,0.0,42.10059802027282,0.0,0.0,25.869346833290948,11.439433951452546,0.0,0.0,0.0,0.0,15.326424573321638,21.2178380871506,65.43015085663896,0.0,0.0,18.510586734693877,-0.8141010015117152,0.0,-2.0571392878138917,-4.095387797094147,-0.2241095049130768,0.0,18.0,8.0,7.0,1.0,1.0,0.0,0.0,0.0,0.0,7.0,0.0,7.0,1.0,1.0,1.0,2.0,1.0,0.0,1.9309158007917107,2.0,62.512000000000036,0.0,4.0,4.0,0.0,0.0,0.0,0.0,0.0,0.0,0.0,0.0,0.0,0.0,0.0,0.0,0.0,0.0,2.0,0.0,0.0,0.0,0.0,0.0,0.0,0.0,0.0,0.0,0.0,0.0,0.0,0.0,0.0,0.0,0.0,0.0,0.0,0.0,0.0,0.0,0.0,0.0,1.0,0.0,0.0,0.0,0.0,0.0,0.0,0.0,0.0,0.0,0.0,0.0,0.0,0.0,0.0,0.0,0.0,0.0,0.0,0.0,0.0,0.0,0.0,0.0,0.0,0.0,0.0,0.0,0.0,0.0,0.0,0.0,0.0,0.0,0.0,0.0,0.0,0.0,0.0,0.0,0.0,0.0,0.0,0.0,537.6999438399846,1554.3642780020018,1751.4320838238752,0.30700587753653136,0.8874819025859009,2.7826116365267874,0.0016505151483705727,0.951707618524736,0.344639570167727,0.25150950794229887,162.0,4.158,1.758,5.968,5.13,0.0,0.0,10.0,10.0,7.0,10.712,22.412,-17.2,16.545,18.4,0.02934,-0.10617,26027.399,50.0,52.0,75.0,2.0,35.0,24.0,0.0,0.000141,0,1PBR_Spiro-compound_5,Apo
317.38999999999993,-3.6299999999999937,149.26,7.0,9.0,8.0,1.0,0.0,7.0,78.13760000000003,3.0,163.0,0.0,5.514843937017084e-08,9.0,133.0,4.0,1271.8287628712008,0.0,0.896551724137931,1.0,0.0,0.0,0.3333333333333333,0.1111111111111111,0.2222222222222222,0.3333333333333333,0.0,0.0,0.0,0.0,0.0,0.0,0.0,0.0,0.0,0.0,0.0,0.0,0.0,0.0,0.0,0.1609,0.1763,3.0,0.0503,-3103.806,0.622,0.0001,1.5,3.0,0.0047,0.2107,0.0637,0.0024,0.0032,3.2387,-0.1078,-0.3946,7.0,4.0,7.6051,28.0,3.0,33.0,-178.8,9.0,7.853790510235315,7.853790510235315,0.01642800097796493,-1.2450523195389263,0.2797511078123141,72.54545454545455,290.174,317.20630434400016,128.0,0.0,0.0,0.0,0.0,0.0,1.4545454545454546,2.4545454545454546,3.227272727272727,16.536250707674185,9.72953767061536,2.5652025014884354,-2.471556967330183,2.4119855459560178,-2.684735238201828,5.105886692396752,-0.1879956394864755,3.286489916282572,1.7487297663449395,543.7813862636959,21.181433796945207,19.181376250612367,12.181376250612368,13.855739580057875,10.67170062751025,7.658101374118827,6.46226736900364,6.46226736900364,4.923927803653115,4.923927803653115,3.629803874331644,3.629803874331644,-0.36,3386741.0046888557,9.819720360763247,6.267830871377448,2.769298394045508,139.40395170252063,0.0,0.0,0.0,0.0,0.0,138.41051898165284,0.0,0.0,0.0,0.0,0.0,0.0,0.0,0.0,25.71065584043448,0.0,4.293598971697903,15.969498111279355,11.439433951452546,61.300937330450495,19.696394776338067,0.0,0.0,0.0,22.40001953877737,0.0,0.0,0.0,86.36380330698464,4.736862953800049,0.0,19.26246486877803,0.0,5.6473683133128025,0.0,0.0,29.89266524477621,0.0,0.0,25.17351080433519,37.370590009129714,0.0,0.0,0.0,5.008912523954532,16.069393778432037,24.895446621025176,58.96192238313773,0.0,0.0,15.873894260483436,5.5814938241776515,0.0,-1.8661897905832108,-1.5812368065402884,1.2801161293246817,0.0,22.0,9.0,9.0,1.0,2.0,0.0,0.0,0.0,0.0,7.0,0.0,9.0,2.0,1.0,2.0,3.0,1.0,1.0,2.7976521102493446,3.0,78.13760000000003,0.0,3.0,3.0,0.0,0.0,0.0,0.0,0.0,0.0,0.0,0.0,0.0,0.0,0.0,0.0,1.0,2.0,2.0,0.0,0.0,0.0,0.0,0.0,0.0,0.0,0.0,0.0,0.0,0.0,0.0,0.0,0.0,0.0,0.0,0.0,0.0,0.0,0.0,0.0,0.0,0.0,1.0,0.0,0.0,0.0,2.0,0.0,0.0,0.0,0.0,0.0,0.0,0.0,0.0,0.0,0.0,0.0,0.0,0.0,0.0,0.0,0.0,0.0,0.0,0.0,0.0,0.0,0.0,0.0,0.0,0.0,0.0,0.0,0.0,0.0,0.0,0.0,0.0,0.0,0.0,0.0,0.0,0.0,0.0,0.0,887.480913849839,2574.108567868834,2771.210993768148,0.32025021402036546,0.9288749841341729,3.2380257168774746,0.001046642209019199,0.9473329934188455,0.3311384907761742,0.417225789008442,192.0,4.09,1.518,5.987,5.248,0.0,0.0,10.0,10.0,9.0,11.205,26.789,-20.7,19.57,21.9,0.02853,-0.10781,29033.992,61.0,58.0,57.0,16.0,55.0,35.0,0.0,0.6688,0,1PBR_Spiro-ether_compound_3,Apo
270.37699999999995,-1.0912999999999964,75.03,4.0,5.0,2.0,1.0,0.0,5.0,71.61160000000004,3.0,167.0,0.0,7.928699358921858e-08,1.0,90.0,5.0,1187.4478138205452,0.0,1.0,0.0,1.0,0.0,0.2,0.2,0.3,0.3,0.0,0.0,0.0,0.0,0.0,0.0,0.0,0.0,0.0,0.0,0.0,0.0,0.0,0.0,0.0,0.1225,0.1769,1.0,0.0083,-2003.717,0.7578,0.0001,0.3333,1.0,0.1045,0.1241,0.1093,0.1045,0.0074,2.8331,-0.0258,-0.5998,4.0,2.0,3.5529,26.0,1.0,23.0,-121.1,1.0,11.163225028839205,11.163225028839205,0.07824640967498087,-0.6948229846218659,0.4798497096111005,59.78947368421053,244.16899999999995,270.205576072,110.0,0.0,0.0,0.0,0.0,0.0,1.263157894736842,2.0,2.6842105263157894,16.78568145749223,9.880609748902504,2.419313406260121,-2.332195023933319,2.2747933481606952,-3.090527506899143,4.994166535334117,-1.0677813958079923,2.7646565923245596,1.6252876555463311,338.332845561913,14.27565640300939,12.586387891217703,11.586387891217703,9.5585506480638,7.953193258744109,7.505979663244151,6.423335364723325,6.423335364723325,5.112502845872388,5.112502845872388,3.800953632290884,3.800953632290884,-0.24000000000000002,49244.063222485056,12.496862024221453,5.632810440513356,2.9362149865649383,115.68002628337813,0.0,0.0,0.0,0.0,0.0,115.02988258998039,0.0,0.0,0.0,0.0,0.0,0.0,0.0,0.0,11.84562082218571,0.0,0.0,15.526511688145185,5.917906046161393,56.395406214208464,20.13718479450234,5.20725302477729,0.0,0.0,15.853127676374926,0.0,0.0,0.0,54.53564564970851,0.0,11.125159070938683,32.10410811463005,0.0,1.4118420783282006,0.0,0.0,5.22652571908022,10.41450604955458,0.0,18.249457270430447,18.380568498235363,38.7727993035292,0.0,5.309813353288376,0.0,17.264370317534,1.4118420783282006,8.395949074074075,0.0,2.340523410338526,24.954871649047334,0.0,0.5255352418745274,0.1290753863273697,4.638634416729655,2.2019264403292182,2.146817714612628,19.0,4.0,6.0,1.0,2.0,0.0,0.0,0.0,0.0,5.0,0.0,6.0,2.0,1.0,2.0,3.0,0.0,5.0,3.704866046509972,3.0,71.61160000000004,0.0,0.0,0.0,0.0,0.0,0.0,0.0,0.0,0.0,0.0,0.0,0.0,0.0,0.0,0.0,1.0,3.0,0.0,2.0,0.0,1.0,0.0,0.0,0.0,0.0,0.0,0.0,0.0,0.0,0.0,0.0,0.0,0.0,0.0,0.0,0.0,1.0,0.0,0.0,0.0,0.0,0.0,0.0,0.0,0.0,0.0,0.0,0.0,0.0,0.0,0.0,0.0,0.0,0.0,0.0,0.0,0.0,0.0,0.0,0.0,0.0,0.0,0.0,0.0,0.0,0.0,0.0,0.0,0.0,1.0,0.0,0.0,0.0,0.0,1.0,0.0,0.0,0.0,0.0,0.0,0.0,0.0,0.0,0.0,0.0,332.78916537767606,3393.574338973079,3557.9368157819003,0.09353431008148512,0.9538039922238752,3.8542427149904497,0.002866090881118144,0.9956160569404154,0.7461972690345152,0.0684449468443797,187.0,4.407,1.579,5.991,5.936,0.0,0.0,10.0,10.0,10.0,11.844,32.3,-19.7,18.01,20.1,0.02703,-0.10535,20031.714,57.0,60.0,47.0,24.0,49.0,47.0,0.0,0.001,0,1PBR_benzimidazole_analog_rRNA_12,Apo
442.39700000000005,4.331800000000004,27.299999999999997,2.0,3.0,3.0,1.0,0.0,5.0,106.81840000000008,4.0,160.0,0.0,1.405046228302434e-07,36.0,78.0,4.0,1820.3363757025245,0.0,0.9655172413793104,1.0,0.0,0.0,0.08333333333333333,0.16666666666666666,0.4166666666666667,0.3333333333333333,0.0,0.0,0.0,0.0,0.0,0.0,0.0,0.0,0.0,0.0,0.0,0.0,0.0,0.0,0.0,0.0957,0.1739,0.0,0.2233,-903.808,0.8001,0.0001,0.0,0.0,0.0,0.3913,0.1238,0.0,0.0035,0.0,-0.118,-0.3167,3.0,2.0,4.0136,20.0,0.0,30.0,-161.2,36.0,13.043925322307635,13.043925322307635,0.03858315165674475,-4.05296941342108,0.6375873186383467,60.0,410.1409999999999,441.19253804400006,162.0,0.0,0.0,0.0,0.0,0.0,0.9642857142857143,1.6071428571428572,2.25,35.49865329164684,9.803508241711882,2.4925475800478476,-2.410760448465149,2.423509019710187,-2.4995211292816157,6.297058156856716,-0.1839195874066436,2.997242784822816,1.4368755815294258,553.5797370215297,20.758784066134833,17.181226302615084,17.693084194652,13.719365256252166,11.272433761917554,11.698091727361566,9.253042741269928,10.374208771797266,7.512017283443506,8.605666309495687,5.869372776604145,6.449617364429491,0.24999999999999994,3614435.01907353,20.169355807944235,8.778122717311906,4.610393243917977,177.07555041961584,0.0,0.0,0.0,0.0,0.0,177.24597055387824,0.0,0.0,0.0,0.0,0.0,0.0,0.0,0.0,14.58308722135266,23.20187978046503,0.0,15.526511688145185,17.75371813848418,86.54650450769346,19.634269217737724,0.0,0.0,0.0,10.626601957294707,13.171245143024459,0.0,23.20187978046503,59.71411047287358,0.0,17.75371813848418,51.36657298340809,0.0,1.4118420783282006,0.0,0.0,12.094204563604869,13.171245143024459,0.0,29.761594594397998,36.761136996470725,45.31755570944177,0.0,5.309813353288376,0.0,10.216698334856808,24.61372185879323,46.97638613337001,12.976998091247566,2.533402620307382,5.357122432142655,0.0,-0.34169499355195687,0.6156629634878639,1.6192178371061932,2.4017938047791643,0.0,28.0,2.0,3.0,2.0,2.0,0.0,0.0,0.0,0.0,5.0,0.0,8.0,2.0,2.0,2.0,4.0,0.0,4.0,6.323181443259361,4.0,106.81840000000008,0.0,0.0,0.0,0.0,0.0,0.0,0.0,0.0,0.0,0.0,0.0,0.0,0.0,0.0,0.0,1.0,2.0,0.0,0.0,0.0,0.0,0.0,0.0,0.0,0.0,5.0,0.0,0.0,0.0,0.0,0.0,0.0,0.0,0.0,0.0,0.0,1.0,0.0,0.0,0.0,0.0,0.0,0.0,0.0,5.0,0.0,0.0,0.0,0.0,0.0,0.0,0.0,0.0,0.0,0.0,0.0,0.0,0.0,0.0,0.0,0.0,0.0,0.0,0.0,0.0,0.0,0.0,0.0,0.0,1.0,0.0,0.0,0.0,0.0,0.0,0.0,0.0,0.0,0.0,0.0,0.0,0.0,0.0,0.0,0.0,1361.459989696093,7385.634477944014,8284.261108795088,0.16434295971799853,0.8915260372591304,4.551033067616164,0.0006548308756823165,0.9864032601279907,0.586232574479507,0.10892852692330114,189.0,4.643,1.748,5.976,2.557,0.0,0.0,10.0,10.0,12.0,12.332,25.529,-18.3,17.105,20.7,0.02983,-0.09683,29024.589,54.0,52.0,7.0,17.0,52.0,84.0,0.0,0.000214,0,1PBR_benzimidazole_analog_rRNA_25,Apo
510.39400000000006,5.120200000000006,27.299999999999997,2.0,3.0,3.0,1.0,0.0,8.0,111.7464000000001,4.0,211.0,0.0,1.526355670280608e-07,36.0,110.0,8.0,2279.1781630692135,0.0,0.9696969696969697,1.0,0.0,0.0,0.13333333333333333,0.13333333333333333,0.4,0.3333333333333333,0.0,0.0,0.0,0.0,0.0,0.0,0.0,0.0,0.0,0.0,0.0,0.0,0.0,0.0,0.0,0.1112,0.1731,0.0,0.1854,-905.461,0.8142,0.0001,0.0,0.0,0.0,0.3916,0.121,0.0,0.0031,0.0,-0.1073,-0.3167,6.0,2.0,5.43,23.0,0.0,34.0,-194.2,36.0,13.901648983999273,13.901648983999273,0.002424046779206046,-4.670619624244114,0.4079980787213332,58.375,479.14599999999996,509.17992267200003,186.0,0.0,0.0,0.0,0.0,0.0,0.875,1.53125,2.15625,35.49865383231787,9.723875346569796,2.5527744267069017,-2.4378856841965764,2.4930473402445625,-2.5218962770356446,6.297070092587279,-0.23540298741495289,3.0453052967231544,1.5510091690710148,675.3658788157823,24.129027554137913,18.68536320964585,19.197221101682764,15.341373724180313,11.961388939359544,12.387046904803556,9.95355460601104,11.074720636538377,8.055417491410477,9.149066517462659,6.319652966789599,6.899897554614946,0.039999999999999925,16320119.978111431,23.766562297903057,9.591596235154375,5.314857036208541,195.93709874279116,0.0,0.0,0.0,0.0,0.0,196.09059863758156,0.0,0.0,0.0,0.0,0.0,0.0,0.0,0.0,27.75433236437712,23.20187978046503,0.0,15.526511688145185,23.671624184645573,86.30198140221091,19.634269217737724,0.0,0.0,0.0,10.626601957294707,26.34249028604892,0.0,23.20187978046503,65.89040899031706,0.0,23.671624184645573,44.94575136048208,0.0,1.4118420783282006,0.0,0.0,36.527136796297135,26.34249028604892,0.0,54.30793870476789,25.931156057677168,12.841643245852019,5.309813353288376,0.0,0.0,10.216698334856808,24.61372185879323,89.2339914875717,12.832507942141465,2.073819286974049,4.551669885325795,0.0,-4.591889067066136,-0.08968851043503889,-8.065507298426796,1.277318496137189,0.0,32.0,2.0,3.0,2.0,2.0,0.0,0.0,0.0,0.0,8.0,0.0,11.0,2.0,2.0,2.0,4.0,0.0,7.0,7.123727170597777,4.0,111.7464000000001,0.0,0.0,0.0,0.0,0.0,0.0,0.0,0.0,0.0,0.0,0.0,0.0,0.0,0.0,0.0,1.0,2.0,0.0,0.0,0.0,0.0,0.0,0.0,0.0,0.0,8.0,0.0,0.0,0.0,0.0,0.0,0.0,0.0,0.0,0.0,0.0,1.0,0.0,0.0,0.0,0.0,0.0,0.0,0.0,8.0,0.0,0.0,0.0,0.0,0.0,0.0,0.0,0.0,0.0,0.0,0.0,0.0,0.0,0.0,0.0,0.0,0.0,0.0,0.0,0.0,0.0,0.0,0.0,0.0,1.0,0.0,0.0,0.0,0.0,0.0,0.0,0.0,0.0,0.0,0.0,0.0,0.0,0.0,0.0,0.0,2082.7259873097923,7048.217533559195,8294.197485022865,0.25110638986721096,0.8497769128702829,4.2597378920837325,0.0004080118642817337,0.9679594934540682,0.4267678987746964,0.16533139168368288,244.0,4.468,1.89,5.999,2.032,0.0,0.0,10.0,10.0,15.0,11.121,26.05,-25.8,24.617,28.2,0.02989,-0.10574,33036.537,76.0,67.0,26.0,24.0,56.0,105.0,0.0,0.000159,0,1PBR_benzimidazole_analog_rRNA_26,Apo
500.296,3.9569000000000036,27.299999999999997,2.0,3.0,3.0,1.0,0.0,5.0,115.08140000000007,4.0,148.0,0.0,3.1641298524032997e-07,9.0,86.0,3.0,1053.6208803792244,0.0,0.9615384615384616,0.0,0.0,1.0,0.0,0.2222222222222222,0.3333333333333333,0.4444444444444444,0.0,0.0,0.0,0.0,0.0,0.0,0.0,0.0,0.0,0.0,0.0,0.0,0.0,0.0,0.0,0.0735,0.1745,0.0,0.0741,-903.46,0.8471,0.0,0.0,0.0,0.0,0.1222,0.0403,0.0,0.0034,0.0,-0.0317,-0.3167,2.0,2.0,1.8659,24.0,0.0,27.0,-121.45,9.0,7.88538060479997,7.88538060479997,0.09311565458751603,0.09311565458751603,0.4543086585177666,64.32,468.03999999999996,499.10180138400005,144.0,0.0,0.0,0.0,0.0,0.0,1.0,1.68,2.4,126.91270492801173,9.85693933958284,2.4840783359265295,-2.4070744673977886,2.396038329053405,-2.498206826542231,14.109286051689073,0.08462971805583218,2.954400584640496,1.471623419186784,471.7005859274925,18.258784066134833,15.92529735659663,18.594653539809862,12.508040390846979,10.63502980804489,12.30631999267571,8.611788601090549,11.494544609720766,6.97864998919841,9.317931234437399,5.501367432253234,6.800778117137355,1.19,1145314.7482440732,18.23331384284647,8.68793014459783,4.447427494949747,177.47584021748415,0.0,0.0,0.0,0.0,0.0,178.49602829984676,0.0,0.0,0.0,0.0,0.0,0.0,0.0,0.0,1.4118420783282006,45.79275040753309,0.0,15.526511688145185,11.835812092322787,84.29484281577979,19.634269217737724,0.0,0.0,0.0,10.626601957294707,0.0,0.0,45.79275040753309,57.462448780959896,0.0,11.835812092322787,51.36657298340809,0.0,1.4118420783282006,0.0,0.0,0.0,0.0,0.0,10.754175736411451,24.167363316591842,48.615342175220384,32.22804289761662,5.309813353288376,0.0,32.807568961924865,24.61372185879323,8.764444985985563,15.740596135515412,2.796897518266566,5.900136962917501,0.0,1.4939776622994874,1.0382420529940366,10.242554081080277,3.0320394898300442,0.0,25.0,2.0,3.0,2.0,2.0,0.0,0.0,0.0,0.0,5.0,0.0,6.0,2.0,2.0,2.0,4.0,0.0,5.0,6.3363902788471504,4.0,115.08140000000007,0.0,0.0,0.0,0.0,0.0,0.0,0.0,0.0,0.0,0.0,0.0,0.0,0.0,0.0,0.0,1.0,2.0,0.0,0.0,0.0,0.0,0.0,0.0,0.0,0.0,3.0,0.0,0.0,0.0,0.0,0.0,0.0,0.0,0.0,0.0,0.0,1.0,0.0,0.0,0.0,0.0,0.0,0.0,0.0,3.0,0.0,0.0,0.0,0.0,0.0,0.0,0.0,0.0,0.0,0.0,0.0,0.0,0.0,0.0,0.0,0.0,0.0,0.0,0.0,0.0,0.0,0.0,0.0,0.0,1.0,0.0,0.0,0.0,0.0,0.0,0.0,0.0,0.0,0.0,0.0,0.0,0.0,0.0,0.0,0.0,2812.2999275142442,6879.503125868875,9235.167814559562,0.3045207173258461,0.7449245388939333,4.4917638413752545,0.00026488090107528557,0.9525057126964394,0.3536526246948573,0.10758870159221971,174.0,4.443,1.867,5.991,3.011,0.0,0.0,10.0,10.0,9.0,13.788,33.487,-17.6,16.401,18.4,0.02816,-0.10115,26021.456,50.0,51.0,0.0,35.0,59.0,54.0,0.0,0.000198,0,1PBR_benzimidazole_analog_rRNA_31,Apo
466.95,4.102200000000004,27.299999999999997,2.0,4.0,3.0,1.0,0.0,9.0,122.03340000000006,5.0,158.0,0.0,1.0592656039381256e-07,27.0,65.0,2.0,1941.59217034055,0.0,1.0,1.0,0.0,0.0,0.07142857142857142,0.14285714285714285,0.42857142857142855,0.35714285714285715,0.0,0.0,0.0,0.0,0.0,0.0,0.0,0.0,0.0,0.0,0.0,0.0,0.0,0.0,0.0,0.0718,0.1739,0.0,0.1713,-803.843,0.8179,0.0001,0.0,0.0,0.0,0.1222,0.1221,0.0,0.0041,0.0,-0.0788,-0.3167,3.0,1.0,2.9076,20.0,0.0,30.0,-157.6,27.0,7.947829373009227,7.947829373009227,0.07210505405355683,0.07210505405355683,0.6123123488880251,68.85714285714286,432.678,465.153902128,160.0,0.0,0.0,0.0,0.0,0.0,1.0,1.7857142857142858,2.607142857142857,35.49932353668108,9.793503729142943,2.503265754392215,-2.409360536167863,2.4798777633278903,-2.5055224576368853,7.997176510503939,0.08239314144607955,3.2478672101170445,1.3343328154185736,581.3745726993094,20.12059138570063,17.488246185439746,19.572529604422837,13.991203638441373,11.73432216016575,13.645170696062404,9.699834478302222,12.71037943565384,8.078418683314903,11.202501741247744,6.555637291351031,9.19787535401874,1.1,6873253.513269254,19.760451836499513,8.919792445572073,4.100202113978959,190.36443142395143,0.0,0.0,0.0,0.0,0.0,191.22030961504262,0.0,0.0,0.0,0.0,0.0,0.0,0.0,0.0,1.4118420783282006,46.56470462008866,0.0,15.526511688145185,17.75371813848418,84.57641026551187,25.387122824484514,0.0,0.0,0.0,10.626601957294707,0.0,0.0,46.56470462008866,69.91769146036478,0.0,17.75371813848418,44.94575136048208,0.0,1.4118420783282006,0.0,0.0,0.0,0.0,0.0,10.754175736411451,29.544451184797566,55.858549425834155,31.560074881437394,5.309813353288376,0.0,21.978583284247925,36.214661749025744,7.947829373009227,22.018481556535516,2.804105568153187,7.075753214666303,0.0,3.4351503579826987,0.9671163321295592,8.298548718277416,2.95301487924609,0.0,28.0,2.0,3.0,2.0,3.0,0.0,0.0,0.0,0.0,9.0,0.0,7.0,3.0,2.0,3.0,5.0,0.0,7.0,6.2949688932963985,5.0,122.03340000000006,0.0,0.0,0.0,0.0,0.0,0.0,0.0,0.0,0.0,0.0,0.0,0.0,0.0,0.0,0.0,1.0,2.0,0.0,0.0,0.0,0.0,0.0,0.0,0.0,0.0,3.0,0.0,0.0,0.0,0.0,0.0,0.0,0.0,0.0,0.0,0.0,2.0,0.0,0.0,0.0,0.0,0.0,0.0,0.0,3.0,0.0,0.0,0.0,0.0,0.0,0.0,0.0,0.0,0.0,0.0,0.0,0.0,0.0,0.0,0.0,0.0,0.0,0.0,0.0,0.0,0.0,0.0,0.0,0.0,1.0,0.0,0.0,0.0,0.0,0.0,1.0,0.0,0.0,0.0,0.0,0.0,0.0,0.0,0.0,0.0,1721.822316651888,6591.284779621219,7470.46068043571,0.23048408797079217,0.8823130274794226,4.265794113074376,0.0005124297780011906,0.9730760942456002,0.46187559671104483,0.14981254005462696,187.0,4.551,1.807,5.995,1.807,0.0,0.0,10.0,10.0,14.0,10.767,24.31,-18.9,17.594,21.1,0.02984,-0.10107,29024.014,56.0,51.0,21.0,26.0,42.0,69.0,0.0,0.001,0,1PBR_benzimidazole_analog_rRNA_41,Apo
256.34999999999997,-1.4334999999999967,83.82,5.0,5.0,2.0,1.0,0.0,6.0,66.98430000000003,3.0,111.0,0.0,1.1483759184809329e-08,4.0,59.0,2.0,777.2575571154971,0.0,0.9473684210526315,0.0,0.0,1.0,0.375,0.125,0.25,0.25,0.0,0.0,0.0,0.0,0.0,0.0,0.0,0.0,0.0,0.0,0.0,0.0,0.0,0.0,0.0,0.1293,0.1771,0.0,0.0504,-2002.298,0.7284,0.0001,0.0,0.0,0.0,0.1241,0.1103,0.0,0.0068,0.0,-0.1089,-0.5998,2.0,1.0,2.7192,18.0,0.0,20.0,-79.3,4.0,11.122635038021944,11.122635038021944,0.07108938019652267,-0.6994138426975722,0.3911707458503972,64.66666666666667,232.15799999999996,256.189926008,104.0,0.0,0.0,0.0,0.0,0.0,1.2777777777777777,2.1666666666666665,2.888888888888889,16.785679186005158,9.880612062509789,2.4169344264357377,-2.331069651749779,2.2571690574353194,-3.0905279789620748,4.995158727006124,-1.0677813895712984,2.7653217606732023,1.6458478313574636,314.1045084832853,13.40541291500631,11.639174295717744,10.639174295717744,9.16470379794645,7.580630912397023,7.133417316897065,5.889061840670103,5.889061840670103,4.684275583327607,4.684275583327607,3.6049257876786163,3.6049257876786163,-0.24000000000000002,34809.87032335427,11.575407575706954,5.401912149424048,2.5408435388326014,109.10511268238618,0.0,0.0,0.0,0.0,0.0,108.39908948045904,0.0,0.0,0.0,0.0,0.0,0.0,0.0,0.0,11.84562082218571,0.0,0.0,15.943390561301037,5.917906046161393,56.395406214208464,13.08951281182515,5.20725302477729,0.0,0.0,21.16991628038126,0.0,0.0,0.0,42.588063936180845,0.0,11.125159070938683,32.10410811463005,0.0,1.4118420783282006,0.0,0.0,5.22652571908022,5.20725302477729,0.0,18.249457270430447,18.380568498235363,32.351977680603184,6.4208216229260096,5.309813353288376,0.0,10.633577208012662,6.619095103105491,8.331500377928949,0.0,0.0,28.21010528674535,0.0,0.47234079743008306,0.11197583354329277,4.661764980683632,2.0456460570020276,0.0,18.0,5.0,6.0,1.0,2.0,0.0,0.0,0.0,0.0,6.0,0.0,6.0,2.0,1.0,2.0,3.0,0.0,6.0,3.4738519343192533,3.0,66.98430000000003,0.0,0.0,0.0,0.0,0.0,0.0,0.0,0.0,0.0,0.0,0.0,0.0,0.0,0.0,0.0,0.0,4.0,0.0,2.0,0.0,0.0,0.0,0.0,0.0,0.0,0.0,0.0,0.0,0.0,0.0,0.0,0.0,0.0,0.0,0.0,0.0,1.0,0.0,0.0,0.0,0.0,0.0,0.0,0.0,0.0,0.0,0.0,0.0,0.0,0.0,0.0,0.0,0.0,0.0,0.0,0.0,0.0,0.0,0.0,0.0,0.0,0.0,0.0,0.0,0.0,0.0,0.0,0.0,0.0,1.0,0.0,0.0,0.0,0.0,1.0,0.0,0.0,0.0,0.0,0.0,0.0,0.0,0.0,0.0,0.0,271.354313854321,2875.89428299848,3085.904881426997,0.08793346661055872,0.9319452133173324,3.6560009615544984,0.0034344219558553085,0.9961263501433187,0.7592582624794287,0.02835487194129395,130.0,4.514,1.785,5.995,5.4,0.0,0.0,10.0,10.0,8.0,10.872,20.805,-14.2,12.508,15.0,0.02945,-0.10923,19019.997,41.0,37.0,64.0,2.0,18.0,27.0,0.0,0.001,0,1PBR_benzimidazole_analog_rRNA_6,Apo
171.28799999999998,0.2703999999999993,50.08,3.0,3.0,5.0,1.0,0.0,2.0,51.862800000000036,1.0,132.0,0.0,1.9395025363369058e-07,5.0,88.0,4.0,945.5396894157981,0.0,1.0,1.0,0.0,0.0,0.42857142857142855,0.14285714285714285,0.14285714285714285,0.2857142857142857,0.0,0.0,0.0,0.0,0.0,0.0,0.0,0.0,0.0,0.0,0.0,0.0,0.0,0.0,0.0,0.1036,0.1766,2.0,0.0672,-903.379,0.8273,0.0,2.0,2.0,0.0357,0.1237,0.0564,0.0186,0.0039,3.1,-0.0559,-0.3304,2.0,2.0,2.088,18.0,2.0,17.0,-74.45,5.0,7.830601851851853,7.830601851851853,0.15154383975812524,0.15154383975812524,0.5321912777365241,46.0,150.11999999999998,171.17354767199998,72.0,0.0,0.0,0.0,0.0,0.0,1.8333333333333333,2.75,3.5,15.121060115536725,9.980696966257085,2.1596701159330984,-2.284441503593639,2.1243797542132627,-2.4732661496363106,4.735864853007587,0.2809810024644666,2.167008936812736,2.1744638666099805,179.98550442767626,11.259148545064338,10.791768416498455,7.791768416498455,7.092224152875016,6.176618874050014,4.834978087550139,3.582812203613654,3.582812203613654,2.3084421359169043,2.3084421359169043,1.5355784580278664,1.5355784580278664,-0.12,2021.8193380462826,6.351383975026014,5.51269356941757,3.518657648283039,79.48165325092044,0.0,0.0,0.0,0.0,0.0,78.48599811250789,0.0,0.0,0.0,0.0,0.0,0.0,0.0,0.0,4.235526234984602,0.0,0.0,10.626601957294707,11.637623021887666,32.351977680603184,19.634269217737724,0.0,0.0,0.0,16.34631893302098,0.0,0.0,0.0,25.800044829872252,0.0,5.917906046161393,26.186202068468653,0.0,4.235526234984602,0.0,0.0,0.0,0.0,0.0,6.165775612134527,31.147957456638828,12.965578028838586,6.4208216229260096,5.309813353288376,0.0,12.240525803696954,4.235526234984602,21.636660892752165,0.0,0.0,4.873190192743764,0.6713927469135803,0.6879155118837657,0.0,3.0638285777273873,4.233678744646007,0.0,12.0,4.0,3.0,0.0,1.0,0.0,0.0,0.0,0.0,2.0,0.0,3.0,1.0,0.0,1.0,1.0,0.0,2.0,2.9177694663356424,1.0,51.862800000000036,0.0,0.0,0.0,0.0,0.0,0.0,0.0,0.0,0.0,0.0,0.0,0.0,0.0,0.0,0.0,0.0,2.0,1.0,0.0,0.0,0.0,0.0,0.0,0.0,0.0,0.0,0.0,0.0,0.0,0.0,0.0,0.0,0.0,0.0,0.0,0.0,0.0,0.0,0.0,0.0,0.0,0.0,0.0,0.0,0.0,0.0,0.0,0.0,0.0,0.0,0.0,0.0,0.0,0.0,0.0,0.0,0.0,0.0,0.0,0.0,0.0,0.0,0.0,0.0,0.0,0.0,0.0,0.0,0.0,1.0,0.0,0.0,0.0,0.0,0.0,0.0,0.0,0.0,0.0,0.0,0.0,0.0,0.0,0.0,0.0,279.87218569881003,918.3150144696889,946.1392291591549,0.29580444090404723,0.9705918390951893,2.6459428416019932,0.0034679824887626056,0.9552485188376081,0.37071336568652413,0.3448133420155563,147.0,4.292,1.721,5.976,4.91,0.0,0.0,10.0,10.0,7.0,10.756,21.286,-14.8,14.081,16.0,0.02809,-0.10068,15028.443,44.0,47.0,66.0,2.0,42.0,22.0,0.0,2e-05,0,1PBR_methylpyridine_der_3,Apo
190.24699999999999,-2.6152999999999977,97.81,5.0,5.0,5.0,1.0,0.0,3.0,47.986000000000026,1.0,137.0,0.0,1.1245271988689365e-07,1.0,93.0,4.0,974.0851109251142,0.0,1.0,0.0,1.0,0.0,0.2222222222222222,0.2222222222222222,0.3333333333333333,0.2222222222222222,0.0,0.0,0.0,0.0,0.0,0.0,0.0,0.0,0.0,0.0,0.0,0.0,0.0,0.0,0.0,0.1629,0.1777,2.0,0.0097,-2002.974,0.5939,0.0001,0.6667,2.0,0.0767,0.1294,0.1092,0.0577,0.0069,2.894,-0.0335,-0.5998,2.0,2.0,4.024,19.0,2.0,19.0,-102.85,1.0,10.689168883615583,10.689168883615583,0.1706737370874276,-0.8000257988998063,0.3127827565952947,47.07692307692308,172.10299999999998,190.142975816,78.0,0.0,0.0,0.0,0.0,0.0,1.8461538461538463,2.6923076923076925,3.230769230769231,16.785785801638205,10.060753963274106,2.230901969186382,-2.323433693937914,2.0259426403874246,-3.0995187739733967,4.750086658862565,-1.0664602564698489,2.255964169756369,2.244317010285772,202.07095980014122,12.129392033067415,10.440123521275726,7.440123521275726,7.502907755397976,5.815674682437112,4.474033895937237,3.166345209976612,3.166345209976612,2.1871676568594665,2.1871676568594665,1.4216685590700657,1.4216685590700657,-0.24000000000000002,3203.469121054044,7.104816923909403,5.481752686232575,3.551575359142926,82.00814719567859,0.0,0.0,0.0,0.0,0.0,80.90640584151262,0.0,0.0,0.0,0.0,0.0,0.0,0.0,0.0,14.669304978842112,0.0,0.0,10.626601957294707,5.719716975726273,25.04925968713451,19.634269217737724,5.20725302477729,0.0,0.0,21.572844652101203,0.0,0.0,0.0,37.0491386837975,0.0,5.20725302477729,12.841643245852019,0.0,4.235526234984602,0.0,0.0,5.22652571908022,5.20725302477729,0.0,18.752372847195062,31.650873033403442,0.0,5.309813353288376,0.0,0.0,5.316788604006331,9.442779259761892,21.39329466892869,0.0,0.0,22.93428713694181,0.5321622784916435,0.0,-0.36713078441253044,1.0001563681027965,0.840563665280927,0.0,13.0,6.0,6.0,0.0,1.0,0.0,0.0,0.0,0.0,3.0,0.0,6.0,1.0,0.0,1.0,1.0,0.0,3.0,2.9959114813716172,1.0,47.986000000000026,0.0,0.0,0.0,0.0,0.0,0.0,0.0,0.0,0.0,0.0,0.0,0.0,0.0,0.0,0.0,0.0,3.0,1.0,2.0,0.0,0.0,0.0,0.0,0.0,0.0,0.0,0.0,0.0,0.0,0.0,0.0,0.0,0.0,0.0,0.0,0.0,0.0,0.0,0.0,0.0,0.0,0.0,0.0,0.0,0.0,0.0,0.0,0.0,0.0,0.0,0.0,0.0,0.0,0.0,0.0,0.0,0.0,0.0,0.0,0.0,0.0,0.0,0.0,0.0,0.0,0.0,0.0,0.0,0.0,1.0,0.0,0.0,0.0,0.0,1.0,0.0,0.0,0.0,0.0,0.0,0.0,0.0,0.0,0.0,0.0,195.18304896065354,1427.714184131126,1487.1679562999054,0.13124479191057323,0.960022153572552,2.979841705967022,0.004918573404220571,0.9913499909700663,0.6599929577366075,0.1370011283666497,153.0,4.302,1.424,5.985,5.116,0.0,0.0,10.0,10.0,9.0,13.159,33.333,-17.4,16.034,17.8,0.02864,-0.11373,16024.943,50.0,49.0,6.0,40.0,38.0,53.0,0.0,0.01,0,1PBR_methylpyridine_der_5,Apo
587.624000000001,-8.632400000000022,335.09999999999997,14.0,18.0,23.0,1.0,0.0,17.0,132.42550000000003,3.0,232.0,0.0,4.607589439214027e-08,34.0,145.0,6.0,2815.9294509861516,0.0,0.8421052631578947,1.0,0.0,0.0,0.13333333333333333,0.2,0.26666666666666666,0.4,0.0,0.0,0.0,0.0,0.0,0.0,0.0,0.0,0.0,0.0,0.0,0.0,0.0,0.0,0.0,0.196,0.175,5.0,0.0906,-6704.99,0.5583,0.0003,5.0,5.0,0.0982,0.2108,0.1503,0.0539,0.0022,2.958,-0.1257,-0.3936,7.0,4.0,19.0516,37.0,5.0,61.0,-375.45,34.0,11.243861115158566,11.243861115158566,0.008927602336346263,-2.100245087975308,0.09969497209534003,71.9,542.2640000000004,587.3013865000003,236.0,0.0,0.0,0.0,0.0,0.0,0.9,1.675,2.35,16.72426908109903,9.830132945193201,2.5214255559353083,-2.4893836089073993,2.31837294817605,-2.6956047795451177,5.025741043784072,-0.332961594650724,3.163230357160943,2.1676471659587158,1155.4215556894324,42.72252120234306,37.93274954072248,20.932749540722487,27.078485998260284,19.91314249016021,12.622233806949689,9.898588673701068,9.898588673701068,7.114131835451287,7.114131835451287,4.776291147448433,4.776291147448433,-0.7200000000000001,904196159918.2631,16.946353094355747,14.641219418867669,7.248061912688193,254.9976218870369,0.0,0.0,0.0,0.0,0.0,253.88444736217753,0.0,0.0,0.0,0.0,0.0,0.0,0.0,0.0,77.63102344385247,0.0,11.449597257861074,5.309813353288376,22.878867902905093,116.9187506279325,19.696394776338067,0.0,0.0,0.0,28.188681256193462,0.0,0.0,0.0,181.2000923399781,18.947451815200196,0.0,12.841643245852019,0.0,12.706578704953806,0.0,0.0,123.64956737543199,5.106527394840706,0.0,35.84444593174368,5.309813353288376,0.0,0.0,0.0,0.0,25.54404095553606,58.430052351336684,155.9184481069993,0.0,0.0,49.00840653799895,0.43106792680211803,0.0,-4.975481770666967,-25.552161650354254,-1.663612484112514,0.0,40.0,18.0,18.0,1.0,2.0,0.0,0.0,0.0,0.0,17.0,0.0,18.0,2.0,1.0,2.0,3.0,0.0,1.0,6.202881850101739,3.0,132.42550000000003,0.0,9.0,9.0,0.0,0.0,0.0,0.0,0.0,0.0,0.0,0.0,0.0,0.0,0.0,0.0,0.0,1.0,4.0,0.0,0.0,0.0,0.0,0.0,0.0,0.0,0.0,0.0,0.0,0.0,0.0,0.0,0.0,0.0,0.0,0.0,0.0,0.0,0.0,0.0,0.0,0.0,4.0,0.0,0.0,0.0,0.0,0.0,0.0,0.0,0.0,0.0,0.0,0.0,0.0,0.0,0.0,0.0,0.0,0.0,0.0,0.0,0.0,0.0,0.0,0.0,0.0,0.0,0.0,0.0,0.0,0.0,0.0,0.0,0.0,0.0,0.0,0.0,0.0,0.0,0.0,0.0,0.0,0.0,0.0,0.0,4967.563888718215,8593.505483870962,11747.980789492416,0.42284405956479637,0.7314878733507236,4.7562173676804225,0.00014725283654871526,0.9062024615342661,0.21566601748929368,0.24150169055038784,289.0,4.289,1.676,5.95,1.676,0.0,0.0,10.0,10.0,15.0,9.681,25.205,-33.5,31.728,35.9,0.03158,-0.11592,57043.193,96.0,92.0,11.0,61.0,91.0,69.0,0.0,1.6199999999999997e-05,0,1UUI_Amikacin,Apo
326.52899999999994,0.20020000000000193,116.55,4.0,3.0,8.0,1.0,2.0,4.0,90.51800000000004,3.0,226.0,0.0,1.1029687738873676e-07,48.0,215.0,7.0,2025.7302272102015,-20.65302439610255,1.0,1.0,0.0,0.0,0.1,0.2,0.5,0.2,0.0,0.0,0.0,0.0,0.0,0.0,0.0,0.0,0.0,0.0,0.0,0.0,0.0,0.0,0.0,0.1416,0.1747,2.0,0.1953,-1606.174,0.7335,0.0002,1.0,2.0,0.0332,0.3454,0.1192,0.0214,-0.0014,2.7519,-0.1596,-0.3744,1.0,4.0,10.4775,40.0,2.0,38.0,-245.75,48.0,7.5774461345998665,7.5774461345998665,0.02877335841926776,-0.7307652612238662,0.5528529509800002,66.78260869565217,288.225,326.30346467618017,134.0,0.0,0.0,0.0,0.0,0.0,0.7391304347826086,1.173913043478261,1.5217391304347827,16.50526988823631,9.769195157074877,2.3905242816180294,-2.3447219524183858,2.4144841758185183,-2.6929788823674867,4.880233821715272,-0.4334495089637668,3.1806003744966476,1.4439820705134474,482.6527876537294,22.706377823327536,21.992545446846265,13.992545446846265,14.684448305750035,13.26982318944678,9.480968807446947,8.029730732160203,8.029730732160203,6.662888740517756,6.662888740517756,5.047761221528214,5.047761221528214,-0.2,7722446.819671868,10.071638905413447,7.787977275729954,4.258246970663267,152.10309858879108,0.0,0.0,0.0,0.0,0.0,151.32979189700202,0.0,0.0,0.0,0.0,0.0,0.0,0.0,0.0,27.471033531878188,0.0,0.0,0.0,35.111058136098116,88.74770022902577,0.0,0.0,0.0,0.0,22.878867902905093,0.0,0.0,0.0,24.53948399976566,4.736862953800049,23.671624184645573,64.20821622926012,0.0,11.294736626625605,0.0,0.0,12.331551224269054,0.0,0.0,35.483178819271934,23.275246043775333,64.20821622926012,0.0,0.0,0.0,0.0,16.031599580425656,66.86365259909675,0.0,0.0,0.0,0.35109185485378847,0.9953775764551095,0.0,8.289877969594365,0.0,0.0,23.0,10.0,5.0,2.0,1.0,0.0,0.0,0.0,0.0,4.0,0.0,5.0,1.0,2.0,1.0,3.0,0.0,4.0,3.410334561944245,3.0,90.51800000000004,0.0,0.0,0.0,0.0,0.0,0.0,0.0,0.0,0.0,0.0,0.0,0.0,0.0,0.0,0.0,0.0,0.0,2.0,0.0,0.0,0.0,0.0,0.0,0.0,0.0,0.0,0.0,0.0,0.0,0.0,0.0,0.0,0.0,0.0,0.0,0.0,0.0,0.0,0.0,0.0,0.0,1.0,0.0,0.0,0.0,0.0,0.0,0.0,0.0,0.0,0.0,0.0,0.0,0.0,0.0,0.0,0.0,0.0,0.0,0.0,0.0,0.0,0.0,0.0,0.0,0.0,0.0,0.0,0.0,0.0,0.0,0.0,0.0,0.0,2.0,0.0,0.0,0.0,0.0,0.0,0.0,0.0,0.0,0.0,0.0,495.43811988160155,6640.346798962574,6947.046624573909,0.07131636602654712,0.9558517680698385,4.874973174448556,0.0019293060620734336,0.9974537462643407,0.8014800070208479,0.0514276347014216,257.0,3.886,1.55,5.986,1.988,0.0,0.0,10.0,10.0,10.0,11.833,32.308,-27.0,27.264,29.4,0.03029,-0.10506,31050.139,78.0,85.0,30.0,57.0,59.0,80.0,0.0,5e-06,0,1UUI_DB75,Apo
310.551,3.8553000000000033,6.48,0.0,3.0,4.0,1.0,0.0,5.0,94.10300000000008,3.0,166.0,0.0,1.310946682494313e-07,19.0,93.0,4.0,1523.5910305769023,0.0,1.0,1.0,0.0,0.0,0.09090909090909091,0.18181818181818182,0.45454545454545453,0.2727272727272727,0.0,0.0,0.0,0.0,0.0,0.0,0.0,0.0,0.0,0.0,0.0,0.0,0.0,0.0,0.0,0.0622,0.1757,1.0,0.151,-503.987,0.8652,0.0,1000000.0,1.0,0.0089,0.0218,0.0814,0.0089,0.0047,3.404,-0.0598,-0.3094,4.0,2.0,1.9305,28.0,1.0,21.0,-125.85,19.0,2.9864814814814813,2.9864814814814813,0.8960298563869991,0.8960298563869991,0.7784518235520762,54.476190476190474,276.27899999999994,310.24427008799995,122.0,0.0,0.0,0.0,0.0,0.0,1.0,1.7619047619047619,2.5714285714285716,32.166749726264655,9.827959363087093,2.4479548603525316,-2.5394033855746265,2.468513115161385,-2.589982958669313,8.00222373979633,0.06586531254097756,2.4553137490244286,1.6768588810901106,333.1800158523923,14.819626477379408,14.260494639277388,15.076991220205114,10.147867045540842,9.208191701958418,10.15100074354048,7.94501841333016,9.428181660924551,5.909952735473635,7.6656073728259555,4.825322763987999,6.964354676440471,0.26999999999999996,72029.08414138063,16.13920807271896,7.228018362459065,3.786747503250169,135.5685508777562,0.0,0.0,0.0,0.0,0.0,135.53833513579198,0.0,0.0,0.0,0.0,0.0,0.0,0.0,0.0,0.0,11.761884949391115,0.0,9.799819461700956,5.917906046161393,80.87386790135898,27.18485677717953,0.0,0.0,0.0,0.0,0.0,0.0,11.761884949391115,59.568233957140755,0.0,5.917906046161393,58.29031018309871,0.0,0.0,0.0,0.0,0.0,0.0,0.0,0.0,0.0,28.50146376442166,64.45608579523325,0.0,0.0,42.580785576137075,0.0,0.0,2.3945277725287646,5.331200580540859,1.8862150415721841,0.0,0.9606626879146719,1.799333900226757,11.650363441672965,5.059915753338372,4.417780822205425,21.0,0.0,2.0,2.0,1.0,0.0,0.0,0.0,0.0,5.0,0.0,3.0,1.0,2.0,1.0,3.0,0.0,5.0,5.55497582405525,3.0,94.10300000000008,0.0,0.0,0.0,0.0,0.0,0.0,0.0,0.0,0.0,0.0,0.0,0.0,0.0,0.0,0.0,2.0,0.0,0.0,0.0,0.0,0.0,0.0,0.0,0.0,0.0,0.0,0.0,0.0,0.0,0.0,0.0,0.0,0.0,0.0,0.0,0.0,2.0,0.0,0.0,0.0,0.0,0.0,0.0,0.0,0.0,0.0,0.0,0.0,0.0,0.0,0.0,0.0,0.0,0.0,0.0,0.0,0.0,0.0,0.0,0.0,0.0,0.0,0.0,0.0,0.0,0.0,0.0,0.0,0.0,0.0,0.0,0.0,0.0,0.0,0.0,1.0,0.0,0.0,0.0,0.0,0.0,0.0,0.0,0.0,0.0,1491.386416859217,1743.7263703883725,3109.784419740346,0.47957871529362844,0.5607225887812398,3.3886238230319647,0.00037597404833691103,0.8774988637242288,0.22599402439975483,0.056593271390676825,187.0,4.387,2.059,5.96,2.782,0.0,0.0,10.0,10.0,11.0,13.114,31.922,-18.0,16.864,19.4,0.02742,-0.09626,21029.349,53.0,59.0,32.0,35.0,25.0,74.0,0.0,1000.0,0,"1UUI_N,N-dimethyl-3-(3-methyl-10H-phenothiazin-10-yl)propan-1-amine",Apo
319.40599999999995,-3.699699999999993,105.91000000000001,5.0,9.0,8.0,1.0,0.0,5.0,80.41390000000004,2.0,191.0,0.0,2.048957674579952e-07,22.0,143.0,5.0,1749.5758156178372,0.0,1.0,1.0,0.0,0.0,0.08333333333333333,0.16666666666666666,0.5,0.25,0.0,0.0,0.0,0.0,0.0,0.0,0.0,0.0,0.0,0.0,0.0,0.0,0.0,0.0,0.0,0.1689,0.1776,7.0,0.1107,-3103.988,0.6393,0.0002,2.3333,7.0,0.0343,0.2106,0.1233,0.0169,0.0067,3.1708,-0.1071,-0.395,3.0,4.0,8.7715,39.0,7.0,26.0,-198.8,22.0,10.512229719635023,10.512229719635023,0.1740483324362294,-0.8537706793947082,0.33813349196018555,49.45454545454545,290.174,319.22195440800004,130.0,0.0,0.0,0.0,0.0,0.0,1.3636363636363635,2.1363636363636362,2.8181818181818183,16.34759505426614,10.086105728561765,2.492159893330555,-2.481238205838855,2.264333209990173,-2.690878037508692,4.978969958702062,-0.22416933751772705,2.9881621965743608,1.9609589859637149,399.37355439318435,17.853006672199015,15.422063405808345,13.422063405808345,11.400284565365464,8.38020982749789,7.563713246570163,6.248333675134634,6.248333675134634,4.56516619269872,4.56516619269872,3.281916491163663,3.281916491163663,-0.36,232598.54538134823,15.184316073536854,7.472954873125722,3.5831403172864222,133.85630748332608,0.0,0.0,0.0,0.0,0.0,133.15367628643781,0.0,0.0,0.0,0.0,0.0,0.0,0.0,0.0,20.430671171895835,0.0,2.8623993144652684,24.916427527408242,0.0,30.89131995348709,54.05285831918135,0.0,0.0,0.0,5.316788604006331,0.0,0.0,0.0,127.8368876824315,0.0,0.0,0.0,0.0,0.0,0.0,0.0,12.579737124456305,10.213054789681411,0.0,18.31158282903079,32.909842371149786,0.0,4.899909730850478,18.99525369620486,16.847491444378146,10.425596795113544,7.9712075055724805,14.035489634563513,0.0,7.247397208488028,33.080893796976504,0.0,0.0,-0.2333969776182081,-2.2148803828159203,2.4005512086351732,5.350612178437583,22.0,5.0,9.0,0.0,2.0,0.0,0.0,0.0,0.0,5.0,0.0,9.0,2.0,0.0,2.0,2.0,0.0,4.0,5.15780494530993,2.0,80.41390000000004,0.0,4.0,4.0,0.0,0.0,0.0,0.0,0.0,0.0,0.0,0.0,0.0,0.0,1.0,0.0,4.0,1.0,0.0,0.0,3.0,0.0,0.0,0.0,0.0,0.0,0.0,0.0,0.0,0.0,0.0,0.0,0.0,0.0,0.0,0.0,0.0,1.0,0.0,0.0,0.0,0.0,0.0,0.0,0.0,0.0,0.0,0.0,0.0,0.0,0.0,0.0,0.0,0.0,0.0,0.0,0.0,0.0,0.0,0.0,0.0,0.0,0.0,0.0,0.0,0.0,0.0,0.0,0.0,0.0,0.0,0.0,0.0,0.0,0.0,0.0,0.0,0.0,0.0,0.0,0.0,0.0,0.0,0.0,0.0,0.0,733.8317157926491,3679.083288180565,3977.2726937040957,0.18450626152797692,0.9250266631213002,3.7891183144642557,0.0012605433142421922,0.9828313382554352,0.5478589317423838,0.1793039896246966,215.0,4.304,1.914,5.94,2.622,0.0,0.0,10.0,10.0,12.0,12.218,30.529,-25.3,23.524,27.3,0.03197,-0.11767,24037.614,73.0,65.0,32.0,42.0,35.0,82.0,0.0,1e-06,0,1UUI_Xanthinol,Apo
371.0340000000001,4.750900000000004,6.48,0.0,3.0,4.0,1.0,0.0,5.0,106.31700000000008,4.0,161.0,0.0,1.5420061472087572e-07,27.0,100.0,5.0,1530.502188307758,0.0,1.0,1.0,0.0,0.0,0.1,0.3,0.4,0.2,0.0,0.0,0.0,0.0,0.0,0.0,0.0,0.0,0.0,0.0,0.0,0.0,0.0,0.0,0.0,0.0597,0.1752,0.0,0.1716,-504.176,0.8415,0.0,0.0,0.0,0.0,0.0351,0.088,0.0,0.0044,0.0,-0.0673,-0.3033,3.0,3.0,2.4541,27.0,0.0,24.0,-157.35,27.0,6.588600522058464,6.588600522058464,0.4273935593393564,0.4273935593393564,0.6590402704316,55.5,335.754,370.22094780000003,138.0,0.0,0.0,0.0,0.0,0.0,0.7916666666666666,1.5833333333333333,2.4583333333333335,35.49574521085096,9.86512564380795,2.4530484544192532,-2.5376607108281126,2.4656169118044438,-2.594828765013582,8.002229592448728,0.07230532479436799,2.6225599861268307,1.377321108169154,401.1000871761029,16.355160383312146,15.173993018219353,16.746418545165533,11.809663088089316,10.587087664038544,11.966332486092591,8.536153565322698,10.636530212765459,6.89940473060436,9.09470359013326,5.654252594672304,7.909373382328332,0.5599999999999999,533113.9939798622,17.94818379637724,8.499674795088241,4.102253344816535,157.59587017990185,0.0,0.0,0.0,0.0,0.0,157.931353363627,0.0,0.0,0.0,0.0,0.0,0.0,0.0,0.0,0.0,23.36282483962363,0.0,9.799819461700956,0.0,98.58968343865212,26.1790256236503,0.0,0.0,0.0,0.0,0.0,0.0,23.36282483962363,63.93949067181725,0.0,0.0,70.62903785218613,0.0,0.0,0.0,0.0,0.0,0.0,0.0,0.0,5.3770878682057255,22.58355771826027,96.80806347583642,0.0,0.0,21.561704411092073,11.600939890232516,0.0,8.944540522931275,5.673349141611377,2.2155406576848673,0.0,0.0,1.6252577265474089,15.317950719386657,5.334472342949525,0.0,24.0,0.0,2.0,2.0,2.0,0.0,0.0,0.0,0.0,5.0,0.0,4.0,2.0,2.0,2.0,4.0,0.0,5.0,6.35640522631995,4.0,106.31700000000008,0.0,0.0,0.0,0.0,0.0,0.0,0.0,0.0,0.0,0.0,0.0,0.0,0.0,0.0,0.0,2.0,0.0,0.0,0.0,0.0,1.0,0.0,0.0,0.0,0.0,1.0,0.0,0.0,0.0,0.0,0.0,0.0,0.0,0.0,0.0,0.0,2.0,0.0,0.0,0.0,0.0,0.0,0.0,0.0,1.0,0.0,0.0,0.0,0.0,0.0,0.0,0.0,0.0,0.0,0.0,0.0,0.0,0.0,0.0,0.0,0.0,0.0,0.0,0.0,0.0,0.0,0.0,0.0,0.0,1.0,0.0,0.0,0.0,0.0,0.0,1.0,0.0,0.0,0.0,0.0,0.0,0.0,0.0,0.0,0.0,2173.7742993326647,3137.4008338125964,4882.523190495811,0.4452153557742594,0.6425777638741741,3.8961914850435218,0.000295604637552041,0.895423523804685,0.21771123061594588,0.13211625801632793,185.0,4.205,2.168,5.997,3.119,0.0,0.0,10.0,10.0,10.0,12.653,31.708,-18.8,17.611,20.6,0.02946,-0.10162,24030.507,55.0,55.0,32.0,41.0,20.0,68.0,0.0,100.0,0,1UUI_chloro_piperidine_propyl_der,Apo
312.523,2.5801000000000007,26.71,1.0,4.0,5.0,1.0,0.0,5.0,90.94580000000008,3.0,162.0,0.0,1.230202898023755e-07,23.0,106.0,4.0,1498.9850018586287,0.0,1.0,1.0,0.0,0.0,0.09090909090909091,0.2727272727272727,0.36363636363636365,0.2727272727272727,0.0,0.0,0.0,0.0,0.0,0.0,0.0,0.0,0.0,0.0,0.0,0.0,0.0,0.0,0.0,0.0824,0.1759,1.0,0.1528,-903.881,0.7941,0.0001,1000000.0,1.0,0.0153,0.2104,0.0729,0.0153,0.0048,3.4028,-0.0728,-0.3931,3.0,2.0,3.0479,23.0,1.0,23.0,-150.5,23.0,7.313526686156556,7.313526686156556,0.16512899449903395,0.16512899449903395,0.863021309479784,55.23809523809524,280.26699999999994,312.22353464400004,122.0,0.0,0.0,0.0,0.0,0.0,1.1428571428571428,1.9523809523809523,2.761904761904762,32.1667497298441,9.8568437290679,2.452634918847988,-2.537218330487212,2.4582078016599684,-2.5975313688317225,8.002218079811442,0.026100169832414335,2.531559123031626,1.6896095901788435,357.5506391864227,15.526733258565956,14.668742929741251,14.485239510668977,10.685871848001625,9.274791983628171,9.809352734746371,7.461855165735767,8.945018413330159,5.597587411344189,7.3964942193621495,4.576226880891632,6.522808703614227,0.22999999999999998,127479.19119938056,14.799087277328685,7.20168033551896,3.7698759283602445,135.48948327385065,0.0,0.0,0.0,0.0,0.0,135.3406661260281,0.0,0.0,0.0,0.0,0.0,0.0,0.0,0.0,5.1088081911072125,11.761884949391115,1.4311996572326342,9.799819461700956,0.0,80.05409708941666,27.18485677717953,0.0,0.0,0.0,0.0,0.0,0.0,11.761884949391115,72.21220819322892,0.0,0.0,51.36657298340809,0.0,0.0,0.0,0.0,0.0,0.0,0.0,6.103966387748303,6.041840829147961,29.383360134964327,51.614442549381224,0.0,0.0,35.657048376446454,6.5400078483398465,7.313526686156556,2.2865222925589985,5.143645282186949,6.619275163769211,0.0,0.0,1.4326464474678757,10.460068368396742,2.405339821113631,4.338975938350036,21.0,1.0,3.0,2.0,1.0,0.0,0.0,0.0,0.0,5.0,0.0,4.0,1.0,2.0,1.0,3.0,0.0,5.0,5.0751569442269915,3.0,90.94580000000008,0.0,1.0,1.0,0.0,0.0,0.0,0.0,0.0,0.0,0.0,0.0,0.0,0.0,0.0,0.0,2.0,0.0,0.0,0.0,0.0,0.0,0.0,0.0,0.0,0.0,0.0,0.0,0.0,0.0,0.0,0.0,0.0,0.0,0.0,0.0,0.0,2.0,0.0,0.0,0.0,0.0,0.0,0.0,0.0,0.0,0.0,0.0,0.0,0.0,0.0,0.0,0.0,0.0,0.0,0.0,0.0,0.0,0.0,0.0,0.0,0.0,0.0,0.0,0.0,0.0,0.0,0.0,0.0,0.0,0.0,0.0,0.0,0.0,0.0,0.0,1.0,0.0,0.0,0.0,0.0,0.0,0.0,0.0,0.0,0.0,1194.3353934869483,1911.6635752045172,2983.2930496923022,0.4003412918520131,0.6407897391782168,3.2900525618471423,0.000536524114308783,0.9163661113541144,0.2623186356793856,0.05917028169563607,184.0,4.387,1.938,5.99,2.819,0.0,0.0,10.0,10.0,11.0,12.763,31.832,-19.1,17.995,20.9,0.02971,-0.1038,22028.806,56.0,54.0,33.0,40.0,27.0,62.0,0.0,1000.0,0,1UUI_dimethylamino_propyl_phenothiazin_der_2,Apo
410.6680000000001,3.3589000000000033,46.94,2.0,5.0,7.0,1.0,0.0,7.0,117.80560000000008,4.0,177.0,0.0,2.0257443301663356e-07,38.0,123.0,6.0,1731.7226589473587,0.0,1.0,1.0,0.0,0.0,0.08333333333333333,0.25,0.3333333333333333,0.3333333333333333,0.0,0.0,0.0,0.0,0.0,0.0,0.0,0.0,0.0,0.0,0.0,0.0,0.0,0.0,0.0,0.0831,0.1751,3.0,0.1846,-1304.425,0.805,0.0001,3.0,3.0,0.0982,0.2101,0.1469,0.0537,0.0053,2.7623,-0.117,-0.396,5.0,4.0,4.5318,33.0,3.0,31.0,-205.8,38.0,10.245345770959531,10.245345770959531,0.15609573025112367,-0.15609573025112367,0.7030672338679969,55.57142857142857,368.3320000000001,410.29669958399995,162.0,0.0,0.0,0.0,0.0,0.0,1.0357142857142858,1.8928571428571428,2.75,32.16675022852663,9.79526983422063,2.4611543599678636,-2.5453279174943613,2.4743163348203603,-2.5979909802021477,8.002221817293488,0.0243849019314203,2.731624967261344,1.3553736534456915,509.26950630947067,20.216967702877945,18.806190969553196,18.622687550480922,14.152198343190411,12.459420562522938,12.993981313641138,10.012782619714477,11.495945867308864,8.076311993032805,9.875218801050764,6.481189480888277,8.427771303610875,0.18999999999999997,5086154.571042194,20.112753810789297,9.998015284424415,4.907893375166614,177.46753855889713,0.0,0.0,0.0,0.0,0.0,177.649436869718,0.0,0.0,0.0,0.0,0.0,0.0,0.0,0.0,10.21533558594792,11.761884949391115,1.4311996572326342,9.799819461700956,11.835812092322787,99.8194775349593,32.78590758816322,0.0,0.0,0.0,0.0,0.0,0.0,11.761884949391115,82.91978639905331,0.0,11.835812092322787,71.13195342895074,0.0,0.0,0.0,0.0,0.0,5.106527394840706,0.0,6.103966387748303,24.484534885983667,23.086473295024884,83.84248544699784,0.0,6.923737199690624,26.67051260219928,1.4311996572326342,7.0503834883150365,2.318774861495717,5.536773221634332,16.553169837984953,0.0,1.038983295843484,1.4510061737938718,12.886289291399772,7.331286496199499,0.0,28.0,2.0,4.0,2.0,2.0,0.0,0.0,0.0,0.0,7.0,0.0,5.0,2.0,2.0,2.0,4.0,0.0,6.0,7.181700714719171,4.0,117.80560000000008,0.0,2.0,2.0,0.0,0.0,0.0,0.0,0.0,0.0,0.0,0.0,0.0,0.0,0.0,0.0,2.0,0.0,0.0,0.0,0.0,1.0,0.0,0.0,0.0,0.0,0.0,0.0,0.0,0.0,0.0,0.0,0.0,0.0,0.0,0.0,0.0,2.0,0.0,0.0,0.0,0.0,0.0,0.0,0.0,0.0,0.0,0.0,0.0,0.0,0.0,0.0,0.0,0.0,0.0,0.0,0.0,0.0,0.0,0.0,0.0,0.0,0.0,0.0,0.0,0.0,0.0,0.0,0.0,0.0,1.0,0.0,0.0,0.0,0.0,0.0,1.0,0.0,0.0,0.0,0.0,0.0,0.0,0.0,0.0,0.0,2160.468055709371,4796.609037510026,6658.762837679783,0.3244548737317962,0.7203453786291304,4.293327797499802,0.0003334209810348763,0.9459011760811401,0.3306686511809302,0.07045814938981733,206.0,4.276,1.759,5.997,1.795,0.0,0.0,10.0,10.0,12.0,12.486,32.415,-22.2,20.589,24.4,0.03072,-0.10777,29030.715,65.0,61.0,32.0,43.0,36.0,66.0,0.0,0.0001,0,1UUI_hydroxymethyl_piperidinyl_propyl,Apo
143.19400000000002,-2.7334999999999985,74.14,5.0,5.0,0.0,1.0,0.0,3.0,37.828199999999995,2.0,84.0,0.0,3.2414266328805035e-07,1.0,42.0,4.0,944.4444361387334,0.0,1.0,0.0,0.0,1.0,0.36363636363636365,0.36363636363636365,0.09090909090909091,0.18181818181818182,0.0,0.0,0.0,0.0,0.0,0.0,0.0,4.0,6.094987858888646,0.0,0.0,0.0,0.0,0.0,0.0,0.1787,0.2738,6.0,0.0129,-1502.65,0.5197,0.0001,1.2,6.0,0.0357,0.0778,0.0596,0.0131,0.0168,3.1097,-0.0483,-0.3145,5.0,1.0,3.4067,24.0,6.0,10.0,-77.55,1.0,5.7662962962962965,5.7662962962962965,0.07060185185185142,0.07060185185185142,0.2544401123217622,62.8,130.09,143.11709541599998,58.0,0.0,0.0,0.0,0.0,0.0,1.0,1.7,2.4,15.373024660776778,10.14734278127782,2.3298664663784394,-2.318494955835933,2.010120765694265,-2.6647018719536755,4.9416506082542355,0.2721584355204123,2.3571021521226503,2.028565677264321,127.20671786825557,6.974691494688164,5.723614639131599,5.723614639131599,4.877010097711745,3.5689141007523473,3.5689141007523473,2.6992877182781574,2.6992877182781574,2.0654905074532044,2.0654905074532044,1.4786904506009315,1.4786904506009315,-0.2,372.42214003537873,6.50644718792867,2.444265887509131,0.9199877563513931,59.72669660980242,0.0,0.0,0.0,0.0,0.0,58.71159632440282,0.0,0.0,0.0,0.0,0.0,0.0,0.0,0.0,0.0,0.0,0.0,21.267154416025324,5.733667477162185,18.373392053417014,13.337382377798285,0.0,0.0,0.0,27.000821893187506,0.0,0.0,0.0,31.710774431215302,0.0,0.0,0.0,0.0,0.0,0.0,0.0,0.0,0.0,0.0,6.165775612134527,12.207616441282488,13.337382377798285,0.0,0.0,0.0,21.267154416025324,5.733667477162185,0.0,0.0,0.0,12.85814814814815,5.7662962962962965,0.0,0.32754629629629606,0.4143518518518512,1.6336574074074073,0.0,10.0,6.0,5.0,0.0,2.0,0.0,0.0,0.0,0.0,3.0,0.0,5.0,2.0,0.0,2.0,2.0,0.0,3.0,1.5903486910333762,2.0,37.828199999999995,0.0,0.0,0.0,0.0,0.0,0.0,0.0,0.0,0.0,0.0,0.0,0.0,0.0,0.0,0.0,0.0,4.0,1.0,0.0,0.0,0.0,0.0,0.0,0.0,0.0,0.0,0.0,0.0,0.0,0.0,0.0,0.0,0.0,0.0,0.0,0.0,1.0,0.0,0.0,0.0,0.0,0.0,0.0,0.0,0.0,0.0,0.0,0.0,0.0,0.0,0.0,0.0,0.0,0.0,0.0,0.0,0.0,0.0,0.0,0.0,0.0,0.0,0.0,0.0,0.0,0.0,0.0,0.0,0.0,0.0,0.0,0.0,0.0,0.0,0.0,0.0,0.0,0.0,0.0,0.0,0.0,0.0,0.0,0.0,0.0,191.79595738043344,284.61239730821944,476.39738809918913,0.40259657624424305,0.5974264435911668,1.91366197923199,0.0031149063397939735,0.915377515998953,0.2784510881874805,3.554809494097607e-05,94.0,4.413,2.717,5.994,5.273,0.0,0.0,10.0,10.0,11.0,16.811,42.218,-15.0,13.838,15.4,0.03198,-0.15957,10014.816,44.0,0.0,42.0,21.0,18.0,3.0,0.0,3e-07,1,1Y26,Apo
436.40800000000024,-2.8697999999999944,178.58999999999997,6.0,12.0,8.0,1.0,-2.0,5.0,99.42020000000002,2.0,125.0,0.0,4.0139607200284706e-07,13.0,86.0,2.0,1753.63860048247,5.538369274358916,0.8076923076923077,1.0,0.0,0.0,0.07692307692307693,0.23076923076923078,0.38461538461538464,0.3076923076923077,0.0,0.0,0.0,0.0,0.0,0.0,0.0,0.0,0.0,0.0,0.0,0.0,0.0,0.0,0.0,0.0,0.1635,2.0,0.2379,-3499.923,1.0,0.0,0.3333,2.0,0.0599,0.0,0.0,0.0591,0.0,3.0525,0.0,0.0,2.0,1.0,0.0,31.0,2.0,34.0,-176.55,42.0,11.483036854800613,11.483036854800613,0.07135317380513162,-5.348104560934577,0.21460634483292673,45.84615384615385,406.1680000000003,436.1321407198199,158.0,0.0,0.0,0.0,0.0,0.0,1.3076923076923077,2.0,2.6153846153846154,0.0,0.0,0.0,0.0,0.0,0.0,0.0,0.0,2.8028391388350937,1.7384661369510863,461.78487079527355,19.53516942700323,14.829731355389645,17.646227936317366,11.966945593523468,8.494172274924129,12.925809303723975,6.740158354488768,11.187047120913098,4.622777504751809,8.825601314485048,3.1466122683144473,6.539278115611469,0.7699999999999996,329367.2328827895,23.05289375832579,9.51228839504729,7.305185977712124,158.12529294468112,0.0,0.0,0.0,0.0,0.0,158.0536279802735,0.0,0.0,0.0,0.0,0.0,0.0,0.0,0.0,33.30143654509778,28.102321701211125,0.0,15.53348693886314,11.651573523323577,43.89162610570645,25.573183166071427,0.0,0.0,0.0,26.154067890679798,0.0,0.0,28.102321701211125,68.7766577885785,8.834378531335403,5.917906046161393,20.268296022307258,0.0,0.0,0.0,0.0,16.340436751820008,14.680234808257424,0.0,36.1481180940735,6.4208216229260096,18.966301201558508,0.0,11.761884949391115,6.923737199690624,31.291602669889166,15.520490682667134,8.514256052205637,1.7160730163979172,51.0033768412455,6.807278801679054,6.1666111502280545,1.1021915191101095,0.22327565980095687,0.5954212752522432,5.66567468028411,-10.405270107314688,26.0,7.0,11.0,0.0,2.0,0.0,0.0,0.0,0.0,5.0,0.0,14.0,2.0,0.0,2.0,2.0,0.0,5.0,8.434068221906944,2.0,99.42020000000002,0.0,0.0,0.0,0.0,0.0,0.0,0.0,0.0,0.0,0.0,0.0,0.0,0.0,0.0,0.0,1.0,2.0,1.0,0.0,0.0,0.0,0.0,0.0,0.0,0.0,0.0,0.0,0.0,0.0,0.0,0.0,0.0,0.0,0.0,0.0,0.0,0.0,0.0,0.0,0.0,0.0,0.0,0.0,0.0,0.0,0.0,0.0,0.0,0.0,0.0,0.0,0.0,0.0,0.0,0.0,0.0,0.0,0.0,0.0,0.0,0.0,0.0,0.0,0.0,0.0,0.0,0.0,0.0,0.0,0.0,0.0,0.0,0.0,0.0,0.0,1.0,0.0,0.0,0.0,0.0,0.0,0.0,0.0,0.0,0.0,1220.7734877370128,6777.876207677646,7479.952503169534,0.16320604806243433,0.9061389366851739,4.365138415380082,0.0007422662318501959,0.9865920057834658,0.5889433617181171,0.10131141507987823,189.0,4.27,1.363,5.999,2.753,0.0,0.0,10.0,10.0,12.0,10.649,79.651,-21.4,0.0,23.6,0.03162,-0.11323,26008.921,63.0,71.0,15.0,36.0,35.0,39.0,0.0,1.78e-10,1,2GDI,Apo
325.5449999999999,-0.2267999999999979,119.35,5.0,3.0,8.0,1.0,2.0,4.0,92.56870000000005,3.0,163.0,6.0,9.567212049560973e-08,30.0,72.0,0.0,2243.216732868022,-12.115747754776782,1.0,0.0,0.0,1.0,0.0,0.0,0.0,0.0,0.0,0.0,0.0,0.0,0.0,0.0,0.0,0.0,0.0,0.0,0.0,0.0,0.0,0.0,0.0,0.1374,0.2564,3.0,0.1338,-1506.745,0.6184,0.0002,1.5,3.0,0.0905,0.3454,0.121,0.0741,-0.001,2.8338,-0.1732,-0.3427,4.0,3.0,8.0497,33.0,3.0,35.0,-224.15,30.0,8.830158835138993,8.830158835138993,0.0043899068868547,-0.7574446829925738,0.45936036610699854,68.69565217391305,286.233,325.31944908818025,134.0,0.0,0.0,0.0,0.0,0.0,0.782608695652174,1.2173913043478262,1.565217391304348,15.002326865995826,9.769195157074874,2.3787894961076126,-2.35059934131488,2.3844467660081463,-2.6936043895366533,4.939219743333979,-0.4334495089637666,3.0927326389945535,1.5014049216017613,507.04394920991126,23.576621311330616,23.031510751882358,14.03151075188236,15.111968660678603,13.762030043650027,9.525962066150235,8.100511075533076,8.100511075533076,6.755488385614548,6.755488385614548,5.142353695756479,5.142353695756479,-0.2,10876423.177371599,9.484499842442494,7.787977275729954,4.258246970663267,154.0024426752984,0.0,0.0,0.0,0.0,0.0,153.19033325761785,0.0,0.0,0.0,0.0,0.0,0.0,0.0,0.0,24.146012656406345,0.0,0.0,5.309813353288376,35.111058136098116,88.62344911182508,0.0,0.0,0.0,0.0,28.18868125619347,0.0,0.0,0.0,24.415232882564975,0.0,23.671624184645573,64.20821622926012,0.0,12.706578704953806,0.0,0.0,12.331551224269054,0.0,0.0,35.358927702071256,23.275246043775333,64.20821622926012,0.0,0.0,5.309813353288376,0.0,12.706578704953806,69.34787606008608,0.0,0.0,1.8259608843537418,0.2884632540307428,0.8040510458428642,0.42004787100025154,7.313600884686324,0.0,0.0,23.0,11.0,5.0,2.0,1.0,0.0,0.0,0.0,0.0,4.0,0.0,5.0,1.0,2.0,1.0,3.0,0.0,4.0,3.211524749765499,3.0,92.56870000000005,0.0,0.0,0.0,0.0,0.0,0.0,0.0,0.0,0.0,0.0,0.0,0.0,0.0,0.0,0.0,0.0,1.0,2.0,0.0,0.0,0.0,0.0,0.0,0.0,0.0,0.0,0.0,0.0,0.0,0.0,0.0,0.0,0.0,0.0,0.0,0.0,0.0,0.0,0.0,0.0,0.0,0.0,0.0,0.0,0.0,0.0,0.0,0.0,0.0,0.0,0.0,0.0,0.0,0.0,0.0,0.0,0.0,0.0,0.0,0.0,0.0,0.0,0.0,0.0,0.0,0.0,0.0,0.0,0.0,0.0,0.0,0.0,0.0,0.0,2.0,0.0,0.0,0.0,0.0,0.0,0.0,0.0,0.0,0.0,0.0,490.5794282234804,6745.268639667318,7011.697870188084,0.06996585382112605,0.9620021804342777,4.911562048915557,0.001960950918626868,0.9975493868972507,0.805124141340165,0.05969457347761913,201.0,4.401,1.995,5.981,1.995,0.0,0.0,10.0,10.0,9.0,9.886,35.732,-28.8,29.099,31.2,0.03499,-0.14328,32020.742,84.0,9.0,32.0,0.0,42.0,68.0,6.0,1e-07,1,2GYX_DB262,Apo
299.419,-1.5385999999999962,83.81,4.0,7.0,4.0,1.0,0.0,6.0,80.58350000000004,3.0,200.0,0.0,5.5411678722942055e-08,50.0,78.0,5.0,2164.681790982356,0.0,1.0,1.0,0.0,0.0,0.3125,0.375,0.25,0.0625,0.0,0.0,0.0,0.0,0.0,0.0,0.0,0.0,0.0,0.0,0.0,0.0,0.0,0.0,0.0,0.1288,0.1773,3.0,0.1972,-2305.177,0.5271,0.0002,1.5,3.0,0.0976,0.1223,0.1162,0.0717,0.0077,2.9595,-0.082,-0.3787,6.0,2.0,8.9851,30.0,3.0,27.0,-253.55,50.0,7.830070153061225,7.830070153061225,0.008602402521053376,-0.35579884731670464,0.5026637882085732,64.38095238095238,270.187,299.2321251680001,122.0,0.0,0.0,0.0,0.0,0.0,1.1428571428571428,1.8571428571428572,2.5238095238095237,16.52839365134826,9.777668939287597,2.444578399930454,-2.5083690197822537,2.3173513187370465,-2.7368786500210653,4.98995489487334,-0.09993950046624715,2.5946003783140026,1.7166031139534321,413.8711521884434,17.26722023457211,15.864879669684642,12.864879669684642,11.528407103102722,9.198544432015012,7.856903645515137,6.177556364085478,6.177556364085478,5.089641019625313,5.089641019625313,3.824906182794917,3.824906182794917,-0.28,292920.00431013765,12.18040261313971,6.868347218489653,3.239470572527997,130.83148782867022,0.0,0.0,0.0,0.0,0.0,130.13569902058148,0.0,0.0,0.0,0.0,0.0,0.0,0.0,0.0,13.7092521425847,0.0,0.0,20.843300292151515,11.637623021887666,43.5469028577522,40.398620706205364,0.0,0.0,0.0,21.66310753702731,0.0,0.0,0.0,76.00379004895603,9.473725907600098,5.917906046161393,12.841643245852019,0.0,4.235526234984602,0.0,0.0,0.0,0.0,0.0,36.62316565806158,13.08951281182515,31.650873033403442,0.0,19.529408435843443,0.0,15.53348693886314,13.7092521425847,34.51749866013606,0.0,2.251963104686319,8.618727591919331,0.7838236961451248,0.11580015957000045,0.17113992819349932,1.140030885670766,2.998426349317403,3.4025896243614984,21.0,5.0,7.0,1.0,2.0,0.0,0.0,0.0,0.0,6.0,0.0,7.0,2.0,1.0,2.0,3.0,0.0,4.0,3.9837730670496305,3.0,80.58350000000004,0.0,0.0,0.0,0.0,0.0,0.0,0.0,0.0,0.0,0.0,0.0,0.0,0.0,0.0,0.0,1.0,3.0,1.0,0.0,0.0,0.0,0.0,0.0,0.0,0.0,0.0,0.0,0.0,0.0,0.0,0.0,0.0,0.0,0.0,0.0,0.0,1.0,0.0,0.0,0.0,0.0,2.0,0.0,0.0,0.0,0.0,0.0,0.0,0.0,0.0,0.0,0.0,0.0,0.0,0.0,2.0,0.0,0.0,0.0,0.0,0.0,0.0,0.0,0.0,0.0,0.0,0.0,0.0,0.0,0.0,1.0,0.0,0.0,0.0,0.0,0.0,0.0,0.0,0.0,0.0,0.0,0.0,0.0,0.0,0.0,564.6729638063196,2773.4536486475454,3088.3127622779443,0.18284189694239902,0.8980481778023809,3.4294234972220177,0.0015903863569965563,0.9831423298396347,0.5494841233020772,0.12093576903945923,224.0,4.511,1.747,5.98,1.886,0.0,0.0,10.0,10.0,16.0,8.407,14.331,-26.2,24.8,29.4,0.03284,-0.11696,24041.175,78.0,58.0,48.0,81.0,4.0,67.0,0.0,5.05e-05,0,2LWK,Apo
514.5290000000001,-7.3172999999999995,291.84,11.0,16.0,8.0,1.0,0.0,15.0,113.74420000000003,3.0,137.0,26.0,2.942266880804799e-07,38.0,53.0,4.0,2546.1415221167163,0.0,0.7428571428571429,1.0,0.0,0.0,0.26666666666666666,0.2,0.3333333333333333,0.2,0.0,0.0,0.0,0.0,0.0,0.0,0.0,2.0,1.9494450492383741,0.0,0.0,0.0,0.0,0.0,0.0,0.2169,0.2717,7.0,0.0953,-6006.381,0.3607,0.0006,0.6364,7.0,0.0508,0.1759,0.1406,0.0155,0.0216,3.1247,-0.2275,-0.3936,6.0,2.0,23.197,65.0,7.0,45.0,-398.85,38.0,10.567792153133063,10.567792153133063,0.1518288189245356,-1.5114573612378586,0.1340084139991046,68.45714285714286,476.22500000000036,514.2486226559998,206.0,0.0,0.0,0.0,0.0,0.0,0.6571428571428571,1.2,1.7714285714285714,16.719233323421346,9.84332896457583,2.4932804091432637,-2.463663604594301,2.28603985321245,-2.673869857840518,4.995787730594579,-0.31209809130714256,2.8244321633517004,1.648452537646736,669.3225830626469,26.02421506852331,18.9698188601681,18.9698188601681,16.50934547064609,11.352744828312021,11.352744828312021,9.134767112786394,9.134767112786394,6.724055956891255,6.724055956891255,4.555065557615244,4.555065557615244,-0.64,36006725.49464946,28.923942532867144,12.269063833900143,6.096204183905368,200.77764082733813,0.0,0.0,0.0,0.0,0.0,200.47531856458258,0.0,0.0,0.0,0.0,0.0,0.0,0.0,0.0,59.43000653288517,0.0,0.0,0.0,22.93466990864874,98.10393588792299,20.006706235125662,0.0,0.0,0.0,22.93466990864874,0.0,0.0,0.0,147.4355122640076,23.684314769000245,0.0,6.4208216229260096,0.0,0.0,0.0,0.0,111.68982050012265,35.745691763884935,0.0,6.4208216229260096,0.0,0.0,0.0,0.0,0.0,0.0,46.61898467764899,27.321553772043153,0.0,0.0,70.10720634936956,23.794149178297385,0.0,-3.8553106779476263,-14.072019435982316,-1.7955791857801562,0.0,35.0,15.0,16.0,1.0,2.0,0.0,0.0,0.0,0.0,15.0,0.0,16.0,2.0,1.0,2.0,3.0,0.0,0.0,10.139134207537325,3.0,113.74420000000003,0.0,7.0,7.0,0.0,0.0,0.0,0.0,0.0,0.0,0.0,0.0,0.0,0.0,0.0,0.0,0.0,0.0,4.0,0.0,0.0,0.0,0.0,0.0,0.0,0.0,0.0,0.0,0.0,0.0,0.0,0.0,0.0,0.0,0.0,0.0,0.0,0.0,0.0,0.0,0.0,0.0,5.0,0.0,0.0,0.0,0.0,0.0,0.0,0.0,0.0,0.0,0.0,0.0,0.0,0.0,0.0,0.0,0.0,0.0,0.0,0.0,0.0,0.0,0.0,0.0,0.0,0.0,0.0,0.0,0.0,0.0,0.0,0.0,0.0,0.0,0.0,0.0,0.0,0.0,0.0,0.0,0.0,0.0,0.0,0.0,2379.6084644358034,10593.470878676793,11790.118960743994,0.2018307425360908,0.8985041553820176,5.098967861953853,0.00037758487112922993,0.9794204160458012,0.513545676240086,0.13770123790841649,200.0,4.451,2.5,5.998,2.721,0.0,2.0,10.0,1.949,15.0,14.505,69.382,-41.0,37.115,43.4,0.03908,-0.205,35014.292,113.0,0.0,40.0,17.0,33.0,47.0,26.0,4e-06,0,2O3V,Apo
332.41600000000005,-0.9865999999999977,107.97000000000001,5.0,6.0,3.0,1.0,0.0,11.0,82.34750000000005,3.0,118.0,4.0,9.157516177580671e-08,11.0,45.0,0.0,1406.1596871170088,0.0,0.92,0.0,0.0,1.0,0.0,0.0,0.0,0.0,0.0,0.0,0.0,0.0,0.0,0.0,0.0,0.0,0.0,0.0,0.0,0.0,0.0,0.0,0.0,0.1372,0.2625,2.0,0.0667,-2204.322,0.5355,0.0001,0.5,2.0,0.0632,0.1188,0.0787,0.0497,0.0078,2.8835,-0.0699,-0.396,3.0,2.0,5.1229,28.0,2.0,26.0,-164.9,11.0,14.403213524607375,14.403213524607375,0.03264665742840345,-1.131734693877551,0.4445486097279008,77.3913043478261,303.184,332.2111356280001,134.0,0.0,0.0,0.0,0.0,0.0,1.2173913043478262,1.8695652173913044,2.4782608695652173,19.144242435747334,9.67535577970026,2.5556788057983524,-2.5694847881578076,2.417600859535734,-2.744375421549288,5.092936266793586,-0.20632882172710787,2.5636993130702264,1.910930531460423,477.4156691230512,18.463737136208252,15.547240450118451,13.547240450118451,11.810968167888422,9.4312802163126,8.536853025312684,7.545686744876347,7.545686744876347,6.21909811133428,6.21909811133428,4.7457461997146355,4.7457461997146355,-0.31000000000000005,348634.905885107,14.984989823207803,6.536244034206525,2.7114184600184417,138.67347831764516,0.0,0.0,0.0,0.0,0.0,138.06983110456372,0.0,0.0,0.0,0.0,0.0,0.0,0.0,0.0,27.270544342653388,0.0,0.0,5.316788604006331,29.391341160371844,62.877393068506336,13.213763929025836,0.0,0.0,0.0,11.036505579732605,4.39041504767482,0.0,0.0,71.14244315974703,4.736862953800049,23.671624184645573,20.268296022307258,0.0,2.8236841566564013,0.0,0.0,48.34094275077356,19.709997232196937,0.0,31.15354240909692,12.140538598652283,0.0,0.0,0.0,13.847474399381248,5.316788604006331,7.560547110456451,35.91003902641304,0.0,0.0,33.416305245863775,0.44148943373645766,-1.5610555765516092,-1.6850701530612258,-2.468218983581087,3.1131776738473165,0.0,23.0,6.0,6.0,2.0,1.0,0.0,0.0,0.0,0.0,11.0,0.0,7.0,1.0,2.0,1.0,3.0,0.0,11.0,4.258502188460326,3.0,82.34750000000005,0.0,3.0,3.0,0.0,0.0,0.0,0.0,0.0,0.0,0.0,0.0,0.0,0.0,0.0,0.0,0.0,1.0,1.0,0.0,0.0,0.0,0.0,0.0,0.0,0.0,1.0,0.0,0.0,0.0,0.0,0.0,0.0,0.0,0.0,0.0,0.0,2.0,0.0,0.0,0.0,0.0,1.0,0.0,0.0,1.0,0.0,0.0,0.0,0.0,0.0,0.0,0.0,0.0,0.0,0.0,0.0,1.0,0.0,0.0,0.0,0.0,0.0,0.0,0.0,0.0,0.0,0.0,0.0,0.0,0.0,0.0,0.0,0.0,0.0,0.0,0.0,0.0,0.0,0.0,0.0,0.0,0.0,0.0,0.0,0.0,1042.3726679480835,2573.7263028191933,3552.6900738642953,0.2934037718675203,0.7244443644980623,3.4270121000943767,0.0006949955488799751,0.9559886121988652,0.37380114227415967,0.030423379053902997,147.0,4.575,2.061,5.984,3.14,0.0,0.0,10.0,10.0,9.0,7.346,29.73,-21.4,19.674,22.6,0.03377,-0.14558,25017.28,62.0,2.0,27.0,0.0,33.0,24.0,4.0,7.14e-06,0,316D,Apo
537.2930000000002,-7.0304,304.5699999999999,14.0,19.0,8.0,1.0,0.0,8.0,106.94449999999996,3.0,19.0,0.0,3.482883383366287e-07,12.0,13.0,1.0,60.306940322333205,0.0,0.25,0.0,0.0,1.0,0.0,0.0,1.0,0.0,0.0,0.0,0.0,0.0,0.0,0.0,0.0,0.0,0.0,0.0,0.0,0.0,0.0,0.0,0.0,0.0,0.2678,0.0,0.496,-6492.944,1.0,0.0,0.0,0.0,0.0,0.0,0.0,0.0,0.0,0.0,0.0,0.0,0.0,0.0,0.0,22.0,0.0,33.0,-151.2,75.0,10.399906642468572,10.399906642468572,0.11827139797778541,-5.619270552898041,0.1278813533166112,52.625,507.05300000000034,537.10021053,194.0,0.0,0.0,0.0,0.0,0.0,0.9375,1.59375,2.21875,0.0,0.0,0.0,0.0,0.0,0.0,0.0,0.0,3.121629053742849,1.5833314132295968,661.1312973950477,24.060113453385558,16.16270869743472,19.162708697434724,14.584735977232977,9.158347534579201,14.330084155398227,7.335155588298348,12.59847326226754,4.883310541330442,9.712362572973019,3.6122276975907486,7.583549946349117,0.5299999999999996,5486896.752650967,27.123070204506185,9.883404813801713,6.5962329946508005,181.44585043347328,0.0,0.0,0.0,0.0,0.0,181.0905359008404,0.0,0.0,0.0,0.0,0.0,0.0,0.0,0.0,67.45533625854847,24.51065512773001,0.0,20.85027554286947,5.733667477162185,49.265028341118224,13.275573153412061,0.0,0.0,0.0,21.684033289181176,0.0,0.0,24.51065512773001,117.0139746291702,17.881872854759038,0.0,0.0,0.0,0.0,0.0,0.0,80.38256543336115,34.893228595532015,0.0,6.6686911888991425,0.0,0.0,4.899909730850478,0.0,0.0,29.095375712977983,25.15076523921966,18.001333795896088,0.0,65.8740664452859,39.3137072046019,5.749036509260556,0.0,-0.5335019734200992,-7.963580009771932,-0.6963494920448898,-16.4947124798075,32.0,15.0,19.0,0.0,3.0,0.0,0.0,0.0,0.0,8.0,0.0,22.0,3.0,0.0,3.0,3.0,0.0,4.0,8.377133832009319,3.0,106.94449999999996,0.0,3.0,3.0,0.0,0.0,0.0,0.0,0.0,0.0,0.0,0.0,0.0,0.0,0.0,0.0,1.0,3.0,1.0,0.0,0.0,0.0,0.0,0.0,0.0,0.0,0.0,0.0,0.0,0.0,0.0,0.0,0.0,0.0,0.0,0.0,0.0,1.0,0.0,0.0,0.0,0.0,1.0,0.0,0.0,0.0,0.0,0.0,0.0,0.0,0.0,0.0,0.0,0.0,0.0,0.0,0.0,0.0,0.0,0.0,0.0,0.0,0.0,0.0,0.0,0.0,0.0,0.0,0.0,0.0,0.0,0.0,0.0,0.0,0.0,0.0,0.0,0.0,0.0,0.0,0.0,0.0,0.0,0.0,0.0,0.0,2820.8689727061287,5709.440252381829,7135.914955232317,0.39530585641828075,0.8000992568157579,3.9304338583694083,0.0002836357393970706,0.9185495522188281,0.2363054835213657,0.2446152297097449,51.0,4.132,1.588,5.827,1.588,0.0,0.0,10.0,10.0,2.0,46.059,65.224,-9.6,0.0,11.2,0.04457,-0.18824,31966.175,28.0,0.0,0.0,0.0,0.0,19.0,0.0,5.7e-07,1,3E5C,Apo
334.572,3.0465999999999998,65.69,3.0,2.0,5.0,1.0,1.0,5.0,99.04620000000007,4.0,146.0,16.0,1.5345565119720965e-07,38.0,66.0,0.0,1883.7035035776055,-7.153613823726146,0.9655172413793104,0.0,0.0,1.0,0.0,0.0,0.0,0.0,0.0,0.0,0.0,0.0,0.0,0.0,0.0,0.0,0.0,0.0,0.0,0.0,0.0,0.0,0.0,0.1006,0.2569,3.0,0.1493,-908.7,0.6487,0.0001,3.0,3.0,0.1333,0.3454,0.1192,0.057,0.001,3.4582,-0.1005,-0.3427,6.0,0.0,7.3727,35.0,3.0,37.0,-254.45,38.0,8.867552005574192,8.867552005574192,0.009363179763404839,-0.7413592493575709,0.6945682130787715,66.16666666666667,294.252,334.3216747000901,138.0,0.0,0.0,0.0,0.0,0.0,0.8333333333333334,1.5,2.25,15.01834835725083,9.690766499220217,2.426796979367181,-2.375605426971655,2.4420813259381173,-2.698784174613268,4.983298499608152,-0.4331242160902286,3.0447824329818687,1.3245190551236659,514.4459549609903,20.543241116511005,20.205617499942043,15.205617499942045,13.952397498181158,13.137225409235864,10.795584622735989,9.370467844259917,9.370467844259917,8.047499913220886,8.047499913220886,6.523184876706748,6.523184876706748,-0.12,4898494.694700158,12.300131011997625,7.633623123764367,3.6848015307938753,155.559547941309,0.0,0.0,0.0,0.0,0.0,155.11812629565745,0.0,0.0,0.0,0.0,0.0,0.0,0.0,0.0,12.778927367367277,0.0,0.0,5.309813353288376,35.309247206533236,101.7201383684686,0.0,0.0,0.0,0.0,16.74924730474092,0.0,0.0,0.0,18.249457270430447,0.0,29.589530230806965,83.47068109803816,0.0,7.059210391641003,0.0,0.0,6.165775612134527,0.0,0.0,17.679463851035628,23.59736989719702,37.51909858402682,57.787394606334104,0.0,5.309813353288376,0.0,7.059210391641003,39.48371315178241,0.0,0.0,1.8941318657092465,0.22100824406484065,3.103654302805671,0.5598916434495437,15.570934125521626,0.0,0.0,24.0,6.0,3.0,3.0,1.0,0.0,0.0,0.0,0.0,5.0,0.0,3.0,1.0,3.0,1.0,4.0,0.0,5.0,3.912273521604845,4.0,99.04620000000007,0.0,0.0,0.0,0.0,0.0,0.0,0.0,0.0,0.0,0.0,0.0,0.0,0.0,0.0,0.0,0.0,1.0,1.0,0.0,0.0,0.0,0.0,0.0,0.0,0.0,0.0,0.0,0.0,0.0,0.0,0.0,0.0,0.0,0.0,0.0,0.0,1.0,0.0,0.0,0.0,0.0,0.0,0.0,0.0,0.0,0.0,0.0,0.0,0.0,0.0,0.0,0.0,0.0,0.0,0.0,0.0,0.0,0.0,0.0,0.0,0.0,0.0,0.0,0.0,0.0,0.0,0.0,0.0,0.0,0.0,0.0,0.0,0.0,0.0,1.0,0.0,0.0,0.0,0.0,0.0,0.0,0.0,0.0,0.0,0.0,353.8547781290627,6930.771074174934,7167.110606281904,0.0493720269670336,0.967024433542323,4.91357358708612,0.002732828531114583,0.9987804578350373,0.8592864257662122,0.0420469940039063,191.0,4.389,1.718,5.98,3.384,0.0,0.0,10.0,10.0,9.0,5.92,30.672,-30.2,29.776,33.0,0.03825,-0.15812,29028.536,86.0,5.0,37.0,0.0,28.0,14.0,16.0,1e-05,0,3U08_DB1944,Apo
247.299,-4.262299999999995,134.83,8.0,8.0,2.0,1.0,0.0,7.0,60.44360000000003,2.0,122.0,0.0,4.0204809999461697e-07,6.0,48.0,4.0,1413.7634415177133,0.0,0.8823529411764706,1.0,0.0,0.0,0.3076923076923077,0.3076923076923077,0.23076923076923078,0.15384615384615385,0.0,0.0,0.0,0.0,0.0,0.0,0.0,1.0,23.976773886409323,0.0,0.0,0.0,0.0,0.0,0.0,0.1919,0.2722,4.0,0.0465,-2699.28,0.5265,0.0002,0.5,4.0,0.028,0.125,0.0686,0.0167,0.0161,3.0348,-0.0727,-0.3907,4.0,3.0,5.8603,31.0,4.0,17.0,-129.1,6.0,9.8351917989418,9.8351917989418,0.167871315192744,-0.8831018518518523,0.24572247387934842,61.411764705882355,226.13099999999997,247.164439532,100.0,0.0,0.0,0.0,0.0,0.0,1.2352941176470589,1.9411764705882353,2.588235294117647,16.328870530408583,9.988708616689745,2.40811748492999,-2.469860150403582,2.1103765614923256,-2.801172957252317,4.99409389395337,-0.04122761312211149,2.269984030882206,1.9811841167065811,267.0158806550115,12.576985790260121,9.66754972120343,9.66754972120343,7.986071002992366,5.801141228318604,5.801141228318604,4.671899805433227,4.671899805433227,3.2794235241754595,3.2794235241754595,2.3040066056105126,2.3040066056105126,-0.32,6417.244855303997,13.119692061997092,5.123988315330791,2.7476041103299083,99.56916632397687,0.0,0.0,0.0,0.0,0.0,98.76389929509584,0.0,0.0,0.0,0.0,0.0,0.0,0.0,0.0,15.319582184522117,0.0,0.0,21.267154416025324,5.733667477162185,49.898738811473635,6.544756405912575,0.0,0.0,0.0,27.000821893187506,0.0,0.0,0.0,64.8393402022177,0.0,0.0,6.923737199690624,0.0,0.0,0.0,0.0,24.725544341352567,15.319582184522117,0.0,18.249457270430447,6.544756405912575,0.0,6.923737199690624,0.0,0.0,21.267154416025324,5.733667477162185,0.0,0.0,0.0,40.97663323045268,5.635429999160158,0.0,-0.6335421390778544,-3.160883723859916,2.015695966658268,0.0,17.0,9.0,8.0,0.0,2.0,0.0,0.0,0.0,0.0,7.0,0.0,8.0,2.0,0.0,2.0,2.0,0.0,4.0,3.9544205192006605,2.0,60.44360000000003,0.0,3.0,3.0,0.0,0.0,0.0,0.0,0.0,0.0,0.0,0.0,0.0,0.0,0.0,0.0,0.0,4.0,1.0,0.0,0.0,0.0,0.0,0.0,0.0,0.0,0.0,0.0,0.0,0.0,0.0,0.0,0.0,0.0,0.0,0.0,0.0,1.0,0.0,0.0,0.0,0.0,0.0,0.0,0.0,0.0,0.0,0.0,0.0,0.0,0.0,0.0,0.0,0.0,0.0,0.0,0.0,0.0,0.0,0.0,0.0,0.0,0.0,0.0,0.0,0.0,0.0,0.0,0.0,0.0,0.0,1.0,0.0,0.0,0.0,0.0,0.0,0.0,0.0,0.0,0.0,0.0,0.0,0.0,0.0,0.0,452.5875708248302,1643.5413947248876,1959.5736782283316,0.2309622627887198,0.8387239596986362,2.9945943679749614,0.0018531749737848114,0.9729627090323217,0.4607353807891258,0.10214473259051868,139.0,4.51,2.533,5.956,4.397,0.0,0.0,10.0,10.0,13.0,10.849,88.729,-21.4,19.398,22.6,0.03356,-0.15396,16987.164,63.0,0.0,28.0,31.0,20.0,43.0,0.0,1.8e-05,0,4LVX,Apo
470.75000000000034,2.124200000000002,72.17999999999999,6.0,6.0,4.0,1.0,0.0,10.0,137.35419999999996,7.0,180.0,18.0,9.680616529957735e-08,53.0,90.0,0.0,2542.946459032187,0.0,1.0,0.0,0.0,1.0,0.0,0.0,0.0,0.0,0.0,0.0,0.0,0.0,0.0,0.0,0.0,0.0,0.0,0.0,0.0,0.0,0.0,0.0,0.0,0.083,0.2542,0.0,0.1606,-1810.615,0.6744,0.0001,0.0,0.0,0.0,0.1238,0.1962,0.0,0.0058,0.0,-0.0571,-0.3107,6.0,0.0,7.2701,51.0,0.0,47.0,-330.0,53.0,9.116643423099884,9.116643423099884,0.1920160405490352,0.1920160405490352,0.3782753632769622,76.70588235294117,420.35000000000025,470.4096956000001,192.0,0.0,0.0,0.0,0.0,0.0,0.4117647058823529,0.7647058823529411,1.1764705882352942,15.203133881675887,9.725884921442853,2.457893079182165,-2.361708056977118,2.4510768761284263,-2.4669056358190447,5.025838241607873,0.19059066520863094,3.707273474649949,0.9241229710568535,765.1655564442322,25.965526368391867,25.0307661112601,21.0307661112601,18.474366886035767,16.786932950314455,14.998078568314625,12.990505904292238,12.990505904292238,11.227660048494055,11.227660048494055,9.340149070913261,9.340149070913261,-0.24000000000000002,1074271641.792341,18.920630194947343,9.904909492714143,4.4954315623791254,212.7031516731062,0.0,0.0,0.0,0.0,0.0,212.75543485107062,0.0,0.0,0.0,0.0,0.0,0.0,0.0,0.0,5.6473683133128025,0.0,0.0,31.872830621166166,35.507436276968356,113.54877401597302,26.1790256236503,0.0,0.0,0.0,31.872830621166166,0.0,0.0,0.0,62.677940164511185,0.0,35.507436276968356,77.04985947511214,0.0,5.6473683133128025,0.0,0.0,0.0,0.0,0.0,12.331551224269054,59.674799593560195,39.020668869502316,64.20821622926012,10.619626706576751,10.619626706576751,10.633577208012662,5.6473683133128025,34.7528841706569,0.0,0.0,14.6622863271703,0.0,3.6764062697279334,1.6018602900647234,14.803410614739215,3.5031523276409304,0.0,34.0,6.0,6.0,3.0,4.0,0.0,0.0,0.0,0.0,10.0,0.0,6.0,4.0,3.0,4.0,7.0,0.0,10.0,5.511974400766699,7.0,137.35419999999996,0.0,0.0,0.0,0.0,0.0,0.0,0.0,0.0,0.0,0.0,0.0,0.0,0.0,0.0,0.0,0.0,6.0,0.0,0.0,0.0,0.0,0.0,0.0,0.0,0.0,0.0,0.0,0.0,0.0,0.0,0.0,0.0,0.0,0.0,0.0,0.0,2.0,0.0,0.0,0.0,0.0,0.0,0.0,0.0,0.0,0.0,0.0,0.0,0.0,0.0,0.0,0.0,0.0,0.0,0.0,0.0,0.0,0.0,0.0,0.0,0.0,0.0,0.0,0.0,0.0,0.0,0.0,0.0,0.0,0.0,0.0,0.0,0.0,0.0,0.0,0.0,0.0,0.0,0.0,0.0,0.0,0.0,0.0,0.0,0.0,799.9181268988407,18719.531677845338,19199.48724782644,0.04166351510191497,0.9750016464613951,6.754111682872426,0.0012188767996061374,0.9991316987811728,0.8803446911911791,0.028503101397205625,236.0,4.402,2.15,5.976,2.96,0.0,0.0,10.0,10.0,11.0,4.382,30.328,-36.6,34.829,40.6,0.03875,-0.15508,38033.808,105.0,4.0,56.0,0.0,35.0,19.0,18.0,3.6e-07,1,4U8A_cmpnd_7,Apo
266.4289999999999,2.2639000000000005,24.5,1.0,3.0,4.0,1.0,0.0,5.0,78.30470000000007,3.0,157.0,2.0,6.330099054895763e-07,6.0,61.0,6.0,1457.8248139710786,0.0,1.0,1.0,0.0,0.0,0.5,0.1,0.1,0.3,0.0,0.0,0.0,0.0,0.0,0.0,0.0,0.0,0.0,6.0,9.620861188064195,0.0,0.0,0.0,0.0,0.0787,0.1784,0.0,0.0596,-1002.934,0.837,0.0,0.0,0.0,0.0,0.0596,0.056,0.0,0.0045,0.0,-0.0149,-0.3769,1.0,1.0,1.665,24.0,0.0,21.0,-100.6,6.0,6.112234504913077,6.112234504913077,0.5311819727891156,0.5311819727891156,0.844573943533583,56.21052631578947,236.18899999999996,266.23581358,110.0,0.0,0.0,0.0,0.0,0.0,1.0,1.7894736842105263,2.6315789473684212,16.486561592375484,9.725179681251264,2.4564128139181176,-2.3488892185458847,2.4383030106556074,-2.3750307072181576,5.014611945872382,-0.002298924677944811,2.762870897547838,1.5050019218323065,294.47352047282726,13.24227620818978,12.60617426259088,12.60617426259088,9.237183443017884,8.261872363979888,8.261872363979888,7.100946817368383,7.100946817368383,5.541090216653683,5.541090216653683,4.5525568927913715,4.5525568927913715,-0.12,35853.7756374783,13.84446029858634,6.10826712502206,3.142306689607262,117.61913036650928,0.0,0.0,0.0,0.0,0.0,117.16975512328582,0.0,0.0,0.0,0.0,0.0,0.0,0.0,0.0,4.736862953800049,0.0,0.0,10.216698334856808,11.835812092322787,63.133399406526294,27.246982335779872,0.0,0.0,0.0,5.316788604006331,0.0,0.0,0.0,50.334540112674574,4.736862953800049,11.835812092322787,44.94575136048208,0.0,0.0,0.0,0.0,0.0,0.0,0.0,0.0,6.103966387748303,37.0711321210442,44.94575136048208,0.0,0.0,24.31204230021119,4.736862953800049,6.112234504913077,0.0,2.208255541222713,3.9259097064751827,0.0,1.8633378474846725,1.6445128653313175,10.224887942244543,1.9498769368858655,4.237651322109294,19.0,1.0,3.0,2.0,1.0,0.0,0.0,0.0,0.0,5.0,0.0,3.0,1.0,2.0,1.0,3.0,0.0,5.0,4.450824300290949,3.0,78.30470000000007,0.0,0.0,0.0,0.0,0.0,0.0,0.0,0.0,0.0,0.0,0.0,0.0,0.0,0.0,0.0,1.0,1.0,0.0,0.0,1.0,0.0,0.0,0.0,0.0,0.0,0.0,0.0,0.0,0.0,0.0,0.0,0.0,0.0,0.0,0.0,0.0,3.0,0.0,0.0,0.0,0.0,1.0,0.0,0.0,0.0,0.0,0.0,0.0,0.0,0.0,0.0,0.0,0.0,0.0,0.0,0.0,0.0,0.0,0.0,0.0,0.0,0.0,0.0,0.0,0.0,0.0,0.0,0.0,0.0,0.0,0.0,0.0,0.0,0.0,0.0,0.0,0.0,0.0,0.0,0.0,0.0,0.0,0.0,0.0,0.0,362.6234602336421,3071.3934521025917,3356.34805702848,0.10804107740681945,0.9150998048819254,3.7914185201481687,0.0025235537830131482,0.994146430659374,0.7105337749254277,0.03463050634491262,178.0,4.523,2.317,5.995,3.134,0.0,0.0,10.0,10.0,10.0,10.323,27.494,-17.5,16.323,18.3,0.02747,-0.09831,19009.764,50.0,56.0,65.0,4.0,61.0,27.0,2.0,1e-07,1,6E1V,Apo
428.6180000000003,-1.3653999999999935,129.04,8.0,8.0,14.0,1.0,0.0,8.0,117.16800000000009,3.0,160.0,0.0,2.3765441521796905e-08,30.0,134.0,3.0,1948.9100127420477,0.0,0.9444444444444444,1.0,0.0,0.0,0.15384615384615385,0.07692307692307693,0.3076923076923077,0.46153846153846156,0.0,0.0,0.0,0.0,0.0,0.0,0.0,0.0,0.0,0.0,0.0,0.0,0.0,0.0,0.0,0.1214,0.1678,2.0,0.1465,-2804.099,0.6805,0.0002,1.0,2.0,0.0349,0.2101,0.1448,0.0179,0.0051,2.8118,-0.1215,-0.3951,5.0,3.0,7.4251,32.0,2.0,40.0,-204.75,30.0,11.589427964184562,11.589427964184562,0.0006334854165150894,-0.649587311087582,0.17897130358261376,56.0,384.2660000000002,428.33625588800004,176.0,0.0,0.0,0.0,0.0,0.0,0.6666666666666666,1.1333333333333333,1.5666666666666667,16.28029088124885,9.542101436417438,2.5523815290037426,-2.5658138172591847,2.499355019499622,-2.65892385096021,5.07635722822715,-0.15871248832895984,2.895347304611461,1.7285949007740289,597.3457601242495,26.24191172926027,24.01807524405615,18.01807524405615,17.294131415482813,14.412523215728974,11.807172252801415,9.022348386041475,9.022348386041475,7.3743923282129265,7.3743923282129265,6.1244306504332915,6.1244306504332915,-0.32,83128675.48576543,17.194929611748954,12.648991419866565,5.922256766972978,189.59731575900153,0.0,0.0,0.0,0.0,0.0,189.15016293332283,0.0,0.0,0.0,0.0,0.0,0.0,0.0,0.0,26.07803948520863,0.0,2.8623993144652684,21.239253413153502,23.671624184645573,62.81654417134858,52.48230236450128,0.0,0.0,0.0,21.239253413153502,0.0,0.0,0.0,100.06698728465494,0.0,23.671624184645573,38.524929737556064,0.0,5.6473683133128025,0.0,0.0,12.207932775496605,10.213054789681411,0.0,62.05858258379247,39.020668869502316,25.683286491704038,21.239253413153502,0.0,0.0,10.217616382214425,8.509767627778071,47.01561103466743,0.0,0.0,37.20119046593215,0.0,-0.6901041139955715,-0.5650402798860594,3.7036010845153786,2.001408475433341,0.0,30.0,8.0,8.0,3.0,0.0,0.0,0.0,0.0,0.0,8.0,0.0,8.0,0.0,3.0,0.0,3.0,0.0,7.0,7.2499505708074015,3.0,117.16800000000009,0.0,4.0,4.0,0.0,0.0,0.0,0.0,0.0,0.0,0.0,0.0,0.0,0.0,0.0,0.0,0.0,4.0,0.0,0.0,0.0,0.0,0.0,0.0,0.0,0.0,0.0,0.0,0.0,0.0,0.0,0.0,0.0,0.0,0.0,0.0,0.0,2.0,0.0,0.0,0.0,0.0,0.0,0.0,0.0,0.0,0.0,0.0,0.0,0.0,0.0,0.0,0.0,0.0,0.0,0.0,0.0,0.0,0.0,0.0,0.0,0.0,0.0,0.0,0.0,0.0,0.0,0.0,0.0,0.0,0.0,0.0,0.0,0.0,0.0,0.0,0.0,0.0,0.0,0.0,0.0,0.0,0.0,0.0,0.0,0.0,1821.0531461227413,6694.251753477944,8251.2236442333,0.2207009801989136,0.8113041219233575,4.634464010533887,0.0004455136982963564,0.975341518309991,0.48036542654149644,0.05472746675838531,196.0,4.222,1.78,5.998,1.792,0.0,0.0,10.0,10.0,13.0,7.252,20.848,-21.1,19.235,22.3,0.02918,-0.10765,36033.574,61.0,59.0,4.0,9.0,75.0,72.0,0.0,2.318e-07,1,6VA2_Amatantrone,Apo
322.36199999999985,-5.115599999999993,203.45999999999998,8.0,10.0,11.0,1.0,0.0,10.0,75.15880000000003,2.0,144.0,0.0,4.067832499110843e-08,29.0,109.0,4.0,1783.6360459177304,0.0,0.9117647058823529,0.0,0.0,1.0,0.1,0.0,0.4,0.5,0.0,0.0,0.0,0.0,0.0,0.0,0.0,0.0,0.0,0.0,0.0,0.0,0.0,0.0,0.0,0.186,0.1694,1.0,0.131,-3603.477,0.5852,0.0002,1000000.0,1.0,0.0903,0.2107,0.1123,0.0903,0.0019,3.037,-0.1071,-0.3887,3.0,2.0,10.9724,19.0,1.0,36.0,-221.4,29.0,7.7368697509868145,7.7368697509868145,0.0649218159486018,-1.68255574452003,0.24796073984315498,81.45454545454545,296.154,322.1852345520003,130.0,0.0,0.0,0.0,0.0,0.0,1.0454545454545454,1.8636363636363635,2.5,16.700982568950927,9.843350239340094,2.472835398760266,-2.452864343092898,2.2637663699118598,-2.6700892236456992,4.990736090396491,-0.2874060184781185,2.7612608560441942,2.442128710957887,619.8104805583491,25.739758018147146,23.426060379052366,11.426060379052366,16.012875430496223,12.078555982335821,6.867854056480703,5.545650095317346,5.545650095317346,3.9748556413939666,3.9748556413939666,2.613989947904444,2.613989947904444,-0.39999999999999997,15389724.46677181,7.656600621470814,7.009722222222224,3.2610110803324104,145.17632032741182,0.0,0.0,0.0,0.0,0.0,143.81228740259763,0.0,0.0,0.0,0.0,0.0,0.0,0.0,0.0,41.20369529865454,0.0,5.724798628930537,0.0,22.878867902905093,67.4601691661949,6.544756405912575,0.0,0.0,0.0,22.878867902905093,0.0,0.0,0.0,93.7441353425409,9.473725907600098,0.0,6.4208216229260096,0.0,11.294736626625605,0.0,0.0,67.58410394918148,0.0,0.0,29.299689525831102,0.0,0.0,0.0,0.0,0.0,20.43523276442885,26.49326116315624,101.5588301786764,0.0,0.0,18.296647953717756,0.6484257944836957,0.0,-4.036093252536705,-10.643053675454471,-0.49142366555335526,0.0,22.0,12.0,10.0,1.0,1.0,0.0,0.0,0.0,0.0,10.0,0.0,10.0,1.0,1.0,1.0,2.0,0.0,0.0,2.4395747055911117,2.0,75.15880000000003,0.0,4.0,4.0,0.0,0.0,0.0,0.0,0.0,0.0,0.0,0.0,0.0,0.0,0.0,0.0,0.0,0.0,4.0,0.0,0.0,0.0,0.0,0.0,0.0,0.0,0.0,0.0,0.0,0.0,0.0,0.0,0.0,0.0,0.0,0.0,0.0,0.0,0.0,0.0,0.0,0.0,2.0,0.0,0.0,0.0,0.0,0.0,0.0,0.0,0.0,0.0,0.0,0.0,0.0,0.0,0.0,0.0,0.0,0.0,0.0,0.0,0.0,0.0,0.0,0.0,0.0,0.0,0.0,0.0,0.0,0.0,0.0,0.0,0.0,0.0,0.0,0.0,0.0,0.0,0.0,0.0,0.0,0.0,0.0,0.0,1026.0369458554444,2605.423547645495,3136.897798255922,0.32708650770385594,0.8305732973175216,3.313409627636459,0.0008094964812646609,0.9449944002363693,0.31576311060626666,0.22924277962806824,178.0,4.23,1.584,5.956,2.154,0.0,0.0,10.0,10.0,10.0,7.239,18.262,-19.8,19.012,21.8,0.03212,-0.11124,34031.256,57.0,61.0,5.0,0.0,77.0,62.0,0.0,0.0031,0,6VA2_Neamine,Apo
313.45000000000005,-2.124399999999995,138.25,8.0,8.0,8.0,1.0,0.0,5.0,85.03840000000004,3.0,183.0,2.0,2.7338367734571187e-07,12.0,91.0,4.0,1902.4790312112898,0.0,1.0,1.0,0.0,0.0,0.5,0.07142857142857142,0.21428571428571427,0.21428571428571427,0.0,0.0,0.0,0.0,0.0,0.0,0.0,0.0,0.0,6.0,7.4480800881838025,0.0,0.0,0.0,0.0,0.1333,0.179,7.0,0.0859,-2500.587,0.7753,0.0001,0.875,7.0,0.0766,0.1126,0.0937,0.0295,0.0087,3.2719,-0.0691,-0.3781,4.0,2.0,5.0759,30.0,7.0,23.0,-139.7,12.0,10.194196227996699,10.194196227996699,0.09788133701215407,-0.5502668111359943,0.18793301345865687,52.90909090909091,282.202,313.259008612,128.0,0.0,0.0,0.0,0.0,0.0,1.2727272727272727,2.090909090909091,2.8181818181818183,16.286774292359862,9.902365518271935,2.441441823462459,-2.379204168424617,2.260526186806173,-2.6801234317416567,4.974851269224419,-0.004689867132931948,3.1394563910008184,1.3739038839271176,365.100515451834,15.579139501373252,13.361062678943549,13.361062678943549,10.633758915185938,8.576278211135202,8.576278211135202,6.868974976686132,6.868974976686132,5.173942552688272,5.173942552688272,3.708867006682395,3.708867006682395,-0.32,158303.94905982527,16.534724023009495,7.060843032932561,3.769901615211038,131.86943862548975,0.0,0.0,0.0,0.0,0.0,131.3822842970646,0.0,0.0,0.0,0.0,0.0,0.0,0.0,0.0,5.106527394840706,0.0,0.0,32.118737210246096,17.56947956948497,56.95327090475507,19.634269217737724,0.0,0.0,0.0,37.85240468740828,0.0,0.0,0.0,49.08704382593883,0.0,11.835812092322787,32.60702369139466,0.0,0.0,0.0,0.0,6.22790117073487,5.106527394840706,0.0,24.036252088786924,5.917906046161393,26.055090840663734,19.26246486877803,0.0,0.0,39.042474409936716,5.733667477162185,0.0,0.0,0.0,23.349154894418536,12.54174268537435,0.5534628113055234,0.0,3.9571157721436956,5.015190503424561,0.0,22.0,9.0,8.0,0.0,3.0,0.0,0.0,0.0,0.0,5.0,0.0,8.0,3.0,0.0,3.0,3.0,0.0,5.0,5.306776859969511,3.0,85.03840000000004,0.0,1.0,1.0,0.0,0.0,0.0,0.0,0.0,0.0,0.0,0.0,0.0,0.0,0.0,0.0,0.0,6.0,1.0,0.0,0.0,0.0,0.0,0.0,0.0,0.0,0.0,0.0,0.0,0.0,0.0,0.0,0.0,0.0,0.0,0.0,0.0,1.0,0.0,0.0,0.0,0.0,0.0,0.0,0.0,0.0,1.0,0.0,0.0,0.0,0.0,0.0,0.0,0.0,0.0,0.0,0.0,0.0,0.0,0.0,0.0,0.0,0.0,0.0,0.0,0.0,0.0,0.0,0.0,0.0,0.0,0.0,0.0,0.0,0.0,0.0,0.0,0.0,0.0,0.0,0.0,0.0,0.0,0.0,1.0,0.0,590.0545254464789,5187.870656441466,5413.37162165518,0.10899944926856235,0.9583437123895874,4.452922795200558,0.0016241612784249617,0.9940418100156302,0.7098903366308144,0.09466546925716086,207.0,4.376,2.091,5.991,3.212,0.0,0.0,10.0,10.0,14.0,10.998,32.941,-22.2,20.107,23.8,0.02879,-0.10725,22012.698,66.0,62.0,90.0,6.0,58.0,29.0,2.0,7.1e-06,0,7E9I,Apo
335.55999999999995,0.5404000000000033,40.53,4.0,3.0,5.0,1.0,1.0,7.0,99.42480000000008,4.0,149.0,0.0,4.4773561973264554e-07,7.0,117.0,0.0,1545.259940876588,-1.3718630885578398,0.8928571428571429,0.0,0.0,1.0,0.0,0.0,0.0,0.0,0.0,0.0,0.0,0.0,0.0,0.0,0.0,0.0,0.0,0.0,0.0,0.0,0.0,0.0,0.0,0.0971,0.1653,1.0,0.0509,-1202.22,0.7475,0.0,1000000.0,1.0,0.0184,0.3471,0.0704,0.0184,0.0019,3.3805,-0.0679,-0.3398,7.0,5.0,3.0857,30.0,1.0,28.0,-137.55,7.0,9.004739444408006,9.004739444408006,0.013007842025699379,-0.013007842025699379,0.554512245505457,65.83333333333333,296.248,335.31692366809017,138.0,0.0,0.0,0.0,0.0,0.0,1.0,1.625,2.375,15.196190023425611,9.700878892576092,2.5274370370466714,-2.491265653255077,2.413757566016257,-3.0530087257214213,5.136498669240175,-0.8578837123435269,2.9448018016533863,1.5823185678090115,544.7889529732366,20.051677284948287,19.60848085937924,15.608480859379242,13.293512317148137,12.239724715624684,10.45087033362485,8.864248767906709,8.864248767906709,6.970880636993179,6.970880636993179,5.84338339406232,5.84338339406232,-0.16,2290622.9158214917,13.07584342264413,7.608501177764168,3.3972104036524065,153.91135533790026,0.0,0.0,0.0,0.0,0.0,153.48701047488663,0.0,0.0,0.0,0.0,0.0,0.0,0.0,0.0,10.540302793445324,0.0,0.0,15.929440059865126,11.835812092322787,87.9965987520739,27.18485677717953,0.0,0.0,0.0,20.82237453999765,0.0,0.0,0.0,57.39406092291932,0.0,11.835812092322787,57.787394606334104,0.0,5.6473683133128025,0.0,0.0,0.0,0.0,0.0,35.10213862587233,18.380568498235363,38.64886452054263,25.683286491704038,5.309813353288376,24.71497067193113,0.0,5.6473683133128025,34.94594174692885,0.0,0.18633847211724186,5.541568247669439,0.0,0.7572897507768537,0.6875125713865784,10.043990976555913,1.4062888951877048,3.7644026727107534,24.0,4.0,4.0,2.0,2.0,0.0,0.0,0.0,0.0,7.0,0.0,4.0,2.0,2.0,2.0,4.0,0.0,7.0,4.145315420060322,4.0,99.42480000000008,0.0,0.0,0.0,0.0,0.0,0.0,0.0,0.0,0.0,0.0,0.0,0.0,0.0,0.0,0.0,0.0,4.0,0.0,0.0,0.0,0.0,0.0,0.0,0.0,0.0,0.0,0.0,0.0,0.0,0.0,0.0,0.0,0.0,0.0,0.0,0.0,4.0,0.0,0.0,0.0,0.0,0.0,0.0,0.0,0.0,0.0,0.0,0.0,0.0,0.0,0.0,0.0,0.0,0.0,0.0,0.0,0.0,0.0,0.0,0.0,0.0,0.0,0.0,0.0,0.0,0.0,0.0,0.0,0.0,1.0,0.0,0.0,0.0,0.0,1.0,0.0,0.0,0.0,0.0,0.0,0.0,0.0,0.0,0.0,0.0,1522.484989637015,2040.2387790555374,3296.941078277012,0.4617871394998265,0.6188277954065744,3.379661832952794,0.000406459045323076,0.8869907766107648,0.21234996805307133,0.14622158897933257,177.0,4.262,2.115,5.996,3.798,0.0,0.0,10.0,10.0,9.0,4.498,12.19,-17.0,16.388,17.8,0.02479,-0.09605,27993.122,52.0,53.0,31.0,0.0,7.0,98.0,0.0,9.09e-08,1,7PNG,Apo
537.2930000000002,-7.0304,304.5699999999999,14.0,19.0,8.0,1.0,0.0,8.0,106.94449999999996,3.0,35.0,0.0,9.475511438325714e-08,14.0,31.0,1.0,170.6060241468359,0.0,0.4375,0.0,0.0,1.0,0.0,0.0,0.3333333333333333,0.6666666666666666,0.0,0.0,0.0,0.0,0.0,0.0,0.0,0.0,0.0,0.0,0.0,0.0,0.0,0.0,0.0,0.0,0.2703,4.0,0.4258,-6498.582,1.0,0.0,0.2857,4.0,0.0825,0.0,0.0,0.0217,0.0,3.2235,0.0,0.0,3.0,1.0,0.0,27.0,4.0,33.0,-164.4,70.0,10.399906642468572,10.399906642468572,0.11827139797778541,-5.619270552898041,0.1278813533166112,52.625,507.05300000000034,537.10021053,194.0,0.0,0.0,0.0,0.0,0.0,0.9375,1.59375,2.21875,0.0,0.0,0.0,0.0,0.0,0.0,0.0,0.0,3.121629053742849,1.5833314132295968,661.1312973950477,24.060113453385558,16.16270869743472,19.162708697434724,14.584735977232977,9.158347534579201,14.330084155398227,7.335155588298348,12.59847326226754,4.883310541330442,9.712362572973019,3.6122276975907486,7.583549946349117,0.5299999999999996,5486896.752650967,27.123070204506185,9.883404813801713,6.5962329946508005,181.44585043347328,0.0,0.0,0.0,0.0,0.0,181.0905359008404,0.0,0.0,0.0,0.0,0.0,0.0,0.0,0.0,67.45533625854847,24.51065512773001,0.0,20.85027554286947,5.733667477162185,49.265028341118224,13.275573153412061,0.0,0.0,0.0,21.684033289181176,0.0,0.0,24.51065512773001,117.0139746291702,17.881872854759038,0.0,0.0,0.0,0.0,0.0,0.0,80.38256543336115,34.893228595532015,0.0,6.6686911888991425,0.0,0.0,4.899909730850478,0.0,0.0,29.095375712977983,25.15076523921966,18.001333795896088,0.0,65.8740664452859,39.3137072046019,5.749036509260556,0.0,-0.5335019734200992,-7.963580009771932,-0.6963494920448898,-16.4947124798075,32.0,15.0,19.0,0.0,3.0,0.0,0.0,0.0,0.0,8.0,0.0,22.0,3.0,0.0,3.0,3.0,0.0,4.0,8.377133832009319,3.0,106.94449999999996,0.0,3.0,3.0,0.0,0.0,0.0,0.0,0.0,0.0,0.0,0.0,0.0,0.0,0.0,0.0,1.0,3.0,1.0,0.0,0.0,0.0,0.0,0.0,0.0,0.0,0.0,0.0,0.0,0.0,0.0,0.0,0.0,0.0,0.0,0.0,0.0,1.0,0.0,0.0,0.0,0.0,1.0,0.0,0.0,0.0,0.0,0.0,0.0,0.0,0.0,0.0,0.0,0.0,0.0,0.0,0.0,0.0,0.0,0.0,0.0,0.0,0.0,0.0,0.0,0.0,0.0,0.0,0.0,0.0,0.0,0.0,0.0,0.0,0.0,0.0,0.0,0.0,0.0,0.0,0.0,0.0,0.0,0.0,0.0,0.0,2434.3879524814324,7022.106342371273,8723.052389087166,0.27907524154353747,0.8050056366915973,4.233990202411971,0.00033068091545188387,0.9602692380563985,0.3841964423015722,0.11819779826276622,67.0,3.962,1.597,5.803,1.597,0.0,0.0,10.0,10.0,3.0,27.603,29.4,-12.2,0.0,13.8,0.04057,-0.18209,31994.825,36.0,0.0,0.0,0.0,13.0,22.0,0.0,3.76e-05,0,7WIE,Apo
135.16700000000003,-2.5221999999999984,104.53,5.0,5.0,7.0,1.0,0.0,1.0,33.0081,0.0,112.0,0.0,9.236295222300931e-07,13.0,54.0,4.0,1039.2802178019372,0.0,1.0,1.0,0.0,0.0,0.6666666666666666,0.2222222222222222,0.1111111111111111,0.0,0.0,0.0,0.0,0.0,0.0,0.0,0.0,5.0,8.96142310127136,0.0,0.0,0.0,0.0,0.0,0.0,0.186,0.2712,2.0,0.1132,-1700.029,0.3943,0.0002,1.0,2.0,0.0927,0.2134,0.0998,0.072,0.0041,3.2917,-0.1033,-0.3682,4.0,1.0,5.6075,16.0,2.0,16.0,-114.85,13.0,8.783589380196524,8.783589380196524,0.0711111111111109,-1.2518660241874529,0.27353374587009965,29.77777777777778,122.06299999999997,135.100776656,56.0,0.0,0.0,0.0,0.0,0.0,1.7777777777777777,2.5555555555555554,3.111111111111111,16.473691553008027,10.402267983981682,1.9613226416129643,-2.0735826413741196,1.8032004279325022,-2.4552724282177465,4.491701511344202,-0.04465131476366364,2.100374173156358,3.721021443839131,142.93844093220616,11.137828201504693,9.818803177716084,4.818803177716084,6.485269665192934,4.757878417752644,2.5607757452889492,1.5711183312524988,1.5711183312524988,0.7181998955012067,0.7181998955012067,0.33590806574258314,0.33590806574258314,-0.2,825.4470500504488,3.2677734375000003,4.657438016528927,7.800000000000003,60.995937740964514,0.0,0.0,0.0,0.0,0.0,59.59544126524711,0.0,0.0,0.0,0.0,0.0,0.0,0.0,0.0,15.862703899260723,0.0,1.4311996572326342,5.316788604006331,11.439433951452546,19.000558747382318,6.544756405912575,0.0,0.0,0.0,16.756222555458876,0.0,0.0,0.0,30.771028773549432,0.0,0.0,6.4208216229260096,0.0,5.6473683133128025,0.0,0.0,12.579737124456306,0.0,0.0,24.405011980291132,0.0,0.0,0.0,0.0,0.0,10.425596795113544,12.185095365386143,33.600770030234315,0.0,0.0,15.04972127739985,0.29351946334089174,0.0,0.0,-2.3956311413454277,0.11828703703703702,0.0,9.0,7.0,5.0,0.0,0.0,0.0,0.0,0.0,0.0,1.0,0.0,5.0,0.0,0.0,0.0,0.0,0.0,1.0,1.691050248579546,0.0,33.0081,0.0,2.0,1.0,0.0,0.0,0.0,0.0,0.0,0.0,0.0,0.0,0.0,0.0,0.0,0.0,0.0,1.0,2.0,0.0,0.0,0.0,0.0,0.0,0.0,0.0,0.0,0.0,0.0,0.0,0.0,0.0,0.0,0.0,0.0,0.0,0.0,0.0,0.0,0.0,0.0,0.0,0.0,0.0,0.0,0.0,0.0,0.0,0.0,0.0,0.0,0.0,0.0,0.0,0.0,0.0,0.0,0.0,0.0,0.0,0.0,0.0,0.0,0.0,0.0,0.0,0.0,0.0,0.0,0.0,0.0,0.0,0.0,0.0,0.0,0.0,0.0,0.0,0.0,0.0,0.0,0.0,0.0,0.0,0.0,0.0,107.60805785094146,767.7932063687095,856.0077540884898,0.1257092092180014,0.8969465553338187,2.609798271552496,0.008335310321985997,0.9920671321628315,0.6696483953990394,0.07383979142425491,126.0,4.38,1.877,5.99,3.69,0.0,0.0,10.0,10.0,9.0,16.885,16.606,-20.1,19.436,20.9,0.03289,-0.15952,13980.222,59.0,5.0,81.0,30.0,0.0,1.0,0.0,0.17,0,7XD5_3-guanidinic_propionic_acid,Apo
178.23600000000008,-2.804799999999997,130.54999999999998,6.0,6.0,10.0,1.0,0.0,2.0,45.600500000000025,0.0,135.0,0.0,3.074257883194569e-06,21.0,86.0,4.0,1659.5782596478998,0.0,1.0,1.0,0.0,0.0,0.6153846153846154,0.23076923076923078,0.07692307692307693,0.07692307692307693,0.0,0.0,0.0,0.0,0.0,0.0,0.0,5.0,6.673501779425856,0.0,0.0,0.0,0.0,0.0,0.0,0.1732,0.2711,5.0,0.1228,-1998.001,0.4732,0.0003,2.5,5.0,0.0278,0.2134,0.1039,0.013,0.0056,2.9769,-0.1062,-0.3668,8.0,5.0,7.4771,23.0,5.0,20.0,-171.0,21.0,9.224823633156966,9.224823633156966,0.15155423280423297,-1.5847273662551433,0.19224983512374846,33.333333333333336,160.09199999999998,178.142975816,74.0,0.0,0.0,0.0,0.0,0.0,1.5,2.3333333333333335,2.9166666666666665,16.476260231102685,10.144388120655634,2.0904812568998503,-2.1353000677286906,1.9556872356247952,-2.455009152302904,4.631408463354022,-0.059789790606029465,2.3072559437249884,4.05845516840018,229.63321327532057,14.999635521070493,13.550473823592215,6.550473823592215,8.806636870238853,6.743837831833057,3.6523079683694437,2.427932476062548,2.427932476062548,1.332737734016846,1.332737734016846,0.6849387942147678,0.6849387942147678,-0.24000000000000002,8299.199629578783,4.316641100560019,6.295214866206111,6.468945426403725,81.9917669315828,0.0,0.0,0.0,0.0,0.0,80.6015048497038,0.0,0.0,0.0,0.0,0.0,0.0,0.0,0.0,18.68638805591712,0.0,1.4311996572326342,5.316788604006331,17.15915092717882,31.46322119945629,6.544756405912575,0.0,0.0,0.0,22.475939531185148,0.0,0.0,0.0,36.8128696026974,0.0,0.0,12.841643245852019,0.0,8.471052469969203,0.0,0.0,18.621577953604266,5.106527394840706,0.0,30.124728956017407,6.4208216229260096,0.0,0.0,0.0,0.0,10.425596795113544,9.90225212720184,48.42953732573277,0.0,0.0,15.681469986142604,0.5419583018392542,0.0,-1.0102201436130007,-2.3394187505249007,0.19667328042328025,0.0,12.0,9.0,6.0,0.0,0.0,0.0,0.0,0.0,0.0,2.0,0.0,6.0,0.0,0.0,0.0,0.0,0.0,1.0,2.2645152690268113,0.0,45.600500000000025,0.0,2.0,1.0,0.0,0.0,0.0,0.0,0.0,0.0,0.0,0.0,0.0,0.0,0.0,0.0,0.0,1.0,3.0,0.0,0.0,0.0,0.0,0.0,0.0,0.0,0.0,0.0,0.0,0.0,0.0,0.0,0.0,0.0,0.0,0.0,0.0,0.0,0.0,0.0,0.0,0.0,0.0,0.0,0.0,0.0,0.0,0.0,0.0,0.0,0.0,0.0,0.0,0.0,0.0,0.0,0.0,0.0,0.0,0.0,0.0,0.0,0.0,0.0,0.0,0.0,0.0,0.0,0.0,0.0,0.0,0.0,0.0,0.0,0.0,0.0,0.0,0.0,0.0,0.0,0.0,0.0,0.0,0.0,0.0,0.0,306.6982084151126,1044.4743300853397,1226.2760996365012,0.2501053461826628,0.851744831685905,2.7767029379580563,0.0027771431600052835,0.9682186301713319,0.42840200554122915,0.14576681881727188,154.0,4.285,1.931,5.985,2.67,0.0,0.0,10.0,10.0,13.0,11.403,20.966,-24.8,24.037,26.0,0.03264,-0.16104,18959.231,74.0,7.0,90.0,30.0,12.0,3.0,0.0,8.4e-06,0,7XD5_D_arginine,Apo
106.12899999999995,-2.988399999999999,110.32,5.0,5.0,5.0,1.0,0.0,1.0,25.49270000000001,0.0,118.0,0.0,1.5596841310605677e-06,4.0,70.0,2.0,1247.7434456031292,0.0,1.0,0.0,0.0,1.0,0.5333333333333333,0.13333333333333333,0.13333333333333333,0.2,0.0,0.0,0.0,0.0,0.0,0.0,0.0,5.0,5.386745399589623,0.0,0.0,0.0,0.0,0.0,0.0,0.1936,0.2712,2.0,0.0365,-1597.718,0.3888,0.0001,1.0,2.0,0.022,0.1596,0.0628,0.0118,0.0044,3.117,-0.0652,-0.3655,3.0,4.0,5.205,18.0,2.0,15.0,-109.5,4.0,8.847777777777777,8.847777777777777,0.04888888888888898,-1.776481481481481,0.24106012836537727,37.142857142857146,96.04899999999999,106.08546093999999,44.0,0.0,0.0,0.0,0.0,0.0,1.5714285714285714,2.2857142857142856,2.7142857142857144,16.298315650285844,10.813817545038914,1.9396578818277128,-2.0849867988965975,1.5487133258177908,-2.5285830595411687,4.4483444189759105,0.13038056260372494,1.9737565496296114,4.101386391914636,136.59594133150728,10.593858127134677,9.443554920379082,3.443554920379083,5.857948465255108,4.293427401178018,1.6101458281782706,0.9140045538368394,0.9140045538368394,0.298142396999972,0.298142396999972,0.13333333333333336,0.13333333333333336,-0.2,420.41014507110725,1.6428612467681698,2.8899653979238757,5.8,50.24612396350526,0.0,0.0,0.0,0.0,0.0,48.69506574483758,0.0,0.0,0.0,0.0,0.0,0.0,0.0,0.0,13.57757986480991,0.0,0.0,5.316788604006331,17.15915092717882,12.641546348842528,0.0,0.0,0.0,0.0,22.475939531185148,0.0,0.0,0.0,17.748073743683236,0.0,0.0,0.0,0.0,8.471052469969203,0.0,0.0,12.641546348842528,0.0,0.0,17.15915092717882,0.0,0.0,0.0,0.0,5.316788604006331,0.0,13.57757986480991,39.9425,0.0,0.0,10.771388888888888,-0.22277777777777796,0.0,0.0,-3.3244444444444445,0.0,0.0,7.0,8.0,5.0,0.0,0.0,0.0,0.0,0.0,0.0,1.0,0.0,5.0,0.0,0.0,0.0,0.0,0.0,1.0,0.6782588795357268,0.0,25.49270000000001,0.0,1.0,1.0,0.0,0.0,0.0,0.0,0.0,0.0,0.0,0.0,0.0,0.0,0.0,0.0,0.0,1.0,3.0,0.0,0.0,0.0,0.0,0.0,0.0,0.0,0.0,0.0,0.0,0.0,0.0,0.0,0.0,0.0,0.0,0.0,0.0,0.0,0.0,0.0,0.0,0.0,0.0,0.0,0.0,0.0,0.0,0.0,0.0,0.0,0.0,0.0,0.0,0.0,0.0,0.0,0.0,0.0,0.0,0.0,0.0,0.0,0.0,0.0,0.0,0.0,0.0,0.0,0.0,0.0,0.0,0.0,0.0,0.0,0.0,0.0,0.0,0.0,0.0,0.0,0.0,0.0,0.0,0.0,0.0,0.0,105.51835314493046,291.1981107401087,319.92434273665805,0.3298228332433792,0.9102092958890752,1.873394662777278,0.008626075642394591,0.9440428479000889,0.3164961229492098,0.40144230889011184,132.0,4.413,1.708,5.998,3.616,0.0,1.0,10.0,5.387,15.0,6.909,10.227,-20.2,19.68,20.6,0.02961,-0.15303,12975.7,61.0,6.0,52.0,18.0,14.0,34.0,0.0,0.011,0,7XD5_Guanyl-Urea,Apo
192.2630000000001,-2.4146999999999967,130.54999999999998,6.0,6.0,11.0,1.0,0.0,2.0,50.21750000000004,0.0,154.0,0.0,8.69617117147031e-07,37.0,90.0,5.0,2170.907146867395,0.0,1.0,1.0,0.0,0.0,0.47368421052631576,0.3157894736842105,0.10526315789473684,0.10526315789473684,0.0,0.0,0.0,0.0,0.0,0.0,0.0,5.0,2.108811276525242,0.0,0.0,0.0,0.0,0.0,0.0,0.1672,0.2711,6.0,0.1808,-2001.67,0.4967,0.0003,3.0,6.0,0.0448,0.2134,0.1122,0.0295,0.0063,3.2223,-0.1061,-0.3668,9.0,3.0,8.7489,30.0,6.0,22.0,-204.7,37.0,9.25890821762079,9.25890821762079,0.19030781254446483,-1.5419833921222807,0.19659680049702416,32.0,172.10299999999998,192.15862588,80.0,0.0,0.0,0.0,0.0,0.0,1.3846153846153846,2.230769230769231,2.8461538461538463,16.47625982871673,10.11275647218411,2.089592635049278,-2.1308492420122085,1.9981446744043008,-2.450833268586604,4.626148569029231,-0.059893600632768114,2.3507925701274193,3.9425512350920764,243.21379302355632,15.706742302257041,14.257580604778763,7.257580604778763,9.306636870238853,7.243837831833057,4.152307968369444,2.7814858666558213,2.7814858666558213,1.5827377340168463,1.5827377340168463,0.8522142888962085,0.8522142888962085,-0.24000000000000002,13681.61275814158,5.01417687680998,7.191094510546242,8.10013605442177,88.35670904597941,0.0,0.0,0.0,0.0,0.0,87.02232647262981,0.0,0.0,0.0,0.0,0.0,0.0,0.0,0.0,18.68638805591712,0.0,1.4311996572326342,5.316788604006331,17.15915092717882,37.8840428223823,6.544756405912575,0.0,0.0,0.0,22.475939531185148,0.0,0.0,0.0,36.8128696026974,0.0,0.0,19.26246486877803,0.0,8.471052469969203,0.0,0.0,18.621577953604266,5.106527394840706,0.0,23.57997255010483,19.386399651764595,0.0,0.0,0.0,0.0,10.425596795113544,9.902252127201837,48.62838807902256,0.0,0.0,15.81495512787811,0.6585133953081286,0.0,-0.9481532921810698,-1.4669315318720075,0.3132282218442932,0.0,13.0,9.0,6.0,0.0,0.0,0.0,0.0,0.0,0.0,2.0,0.0,6.0,0.0,0.0,0.0,0.0,0.0,1.0,2.7736476779797035,0.0,50.21750000000004,0.0,2.0,1.0,0.0,0.0,0.0,0.0,0.0,0.0,0.0,0.0,0.0,0.0,0.0,0.0,0.0,1.0,3.0,0.0,0.0,0.0,0.0,0.0,0.0,0.0,0.0,0.0,0.0,0.0,0.0,0.0,0.0,0.0,0.0,0.0,0.0,0.0,0.0,0.0,0.0,0.0,0.0,0.0,0.0,0.0,0.0,0.0,0.0,0.0,0.0,0.0,0.0,0.0,0.0,0.0,0.0,0.0,0.0,0.0,0.0,0.0,0.0,0.0,0.0,0.0,0.0,0.0,0.0,0.0,0.0,0.0,0.0,0.0,0.0,0.0,0.0,0.0,0.0,0.0,0.0,0.0,0.0,0.0,1.0,0.0,306.88894525857114,1795.830984421892,1907.060887818544,0.16092246829602616,0.9416746973800685,3.34523016463745,0.003068454279402781,0.9869670507152275,0.5958164930521114,0.2224383677843465,175.0,4.353,1.906,5.994,1.924,0.0,1.0,10.0,2.109,19.0,8.595,16.541,-28.4,27.583,31.2,0.03686,-0.16229,19966.798,84.0,7.0,85.0,50.0,4.0,15.0,0.0,0.028,0,7XD5_L-homoarginine,Apo
531.8940000000006,3.569700000000004,51.97,4.0,4.0,10.0,1.0,1.0,11.0,158.40389999999974,5.0,99.0,0.0,5.623024220724858e-07,20.0,51.0,0.0,913.0669121923324,-4.189466726784061,0.7,0.0,0.0,1.0,0.0,0.0,0.0,0.0,0.0,0.0,0.0,0.0,0.0,0.0,0.0,0.0,0.0,0.0,0.0,0.0,0.0,0.0,0.0,0.0804,0.1639,0.0,0.1658,-1601.193,0.8716,0.0,0.0,0.0,0.0,0.123,0.1078,0.0,0.0022,0.0,-0.0889,-0.3915,3.0,0.0,2.5372,26.0,0.0,40.0,-120.6,20.0,11.146673170237383,11.146673170237383,0.3323426083396319,-0.382491046962097,0.3257554006167603,62.94736842105263,468.3900000000004,531.49963905609,220.0,0.0,0.0,0.0,0.0,0.0,0.9473684210526315,1.631578947368421,2.3421052631578947,16.268085620445458,9.575430982209081,2.618660456650283,-2.553412464571714,2.498291383710526,-3.214967313250936,5.095469863947466,-0.9509088289787161,3.246757411308267,1.2362704040342318,792.4121178566658,28.551312806018764,27.530766111260093,25.530766111260093,19.2604579106716,17.903995007775656,17.009567816775743,14.399705920968431,14.399705920968431,12.509767425187887,12.509767425187887,10.591174328474848,10.591174328474848,-0.2,1029663242.8077099,26.683280165134168,13.18898893748392,5.889344222211354,237.72792264550603,0.0,0.0,0.0,0.0,0.0,238.14177041043342,0.0,0.0,0.0,0.0,0.0,0.0,0.0,0.0,12.830121282347585,0.0,0.0,15.51953643742723,41.42534232312975,128.59531635528876,39.77145401224006,0.0,0.0,0.0,15.51953643742723,0.0,0.0,0.0,80.0492208422714,0.0,41.42534232312975,98.32398665094861,0.0,2.8236841566564013,0.0,0.0,0.0,6.518369473168907,0.0,6.103966387748303,54.25980912416342,63.31914341389906,51.36657298340809,10.209723084138854,0.0,44.95234386557854,1.4118420783282006,17.9928670632115,0.0,4.202600168922404,14.964083744589626,0.0,4.596099004637926,2.275176148616967,13.344096236330438,13.77313204215547,2.5186122582023334,38.0,4.0,5.0,3.0,2.0,0.0,0.0,0.0,0.0,11.0,0.0,5.0,2.0,3.0,2.0,5.0,0.0,9.0,9.261197024045755,5.0,158.40389999999974,0.0,1.0,1.0,0.0,0.0,0.0,0.0,0.0,0.0,0.0,0.0,0.0,0.0,0.0,0.0,1.0,3.0,0.0,0.0,1.0,1.0,0.0,0.0,0.0,0.0,0.0,0.0,0.0,0.0,0.0,0.0,0.0,0.0,0.0,0.0,0.0,4.0,0.0,0.0,0.0,0.0,0.0,0.0,0.0,0.0,0.0,0.0,0.0,0.0,0.0,0.0,0.0,0.0,0.0,0.0,0.0,0.0,0.0,0.0,0.0,0.0,0.0,0.0,0.0,0.0,0.0,0.0,0.0,0.0,1.0,0.0,0.0,0.0,0.0,1.0,0.0,0.0,0.0,0.0,0.0,0.0,0.0,0.0,0.0,0.0,2581.9027558196094,11245.499030263107,13212.631365627314,0.19541169993862345,0.8511172921631867,5.361078738456566,0.000329647307686073,0.9807212996193655,0.5250260138428691,0.0739892083893323,167.0,4.343,2.047,5.992,2.767,0.0,0.0,10.0,10.0,6.0,16.943,22.1,-14.8,13.061,15.2,0.02436,-0.08862,39982.425,43.0,49.0,6.0,0.0,0.0,68.0,0.0,7.69e-08,1,8ABD_PIQ-4m,Apo
216.28099999999998,-0.7362999999999988,62.75,3.0,5.0,2.0,1.0,0.0,5.0,55.25120000000004,2.0,92.0,0.0,2.061701828175396e-07,15.0,45.0,2.0,1191.4284734174864,0.0,1.0,1.0,0.0,0.0,0.2727272727272727,0.09090909090909091,0.18181818181818182,0.45454545454545453,0.0,0.0,0.0,0.0,0.0,1.0,2.8230476439479375,0.0,0.0,0.0,0.0,0.0,0.0,0.0,0.0,0.1436,0.2608,3.0,0.1196,-1802.879,0.4936,0.0002,1.5,3.0,0.0987,0.1261,0.1048,0.0375,0.01,3.1847,-0.0863,-0.3787,2.0,3.0,4.4387,28.0,3.0,16.0,-125.4,15.0,9.947190098261526,9.947190098261526,0.008518518518518148,-0.7067535903250193,0.5675218945012893,64.53333333333333,196.12099999999995,216.1473925,88.0,0.0,0.0,0.0,0.0,0.0,1.2666666666666666,1.9333333333333333,2.6,16.528520979423888,9.787277749753667,2.4168002364232826,-2.4491115237572703,2.309023926440728,-2.6194675395296176,4.94929880034561,-0.1095267914181925,2.3223491548977004,2.0615207264387245,244.10403158357843,11.706742302257043,10.218995461435416,9.218995461435416,7.668233757796585,5.842961929773415,5.395748334273457,4.248484770410661,4.248484770410661,3.542484715450666,3.542484715450666,2.62024290271588,2.62024290271588,-0.2,4953.570747396795,9.98622448979592,4.757579328339365,2.1637673978649614,91.59614346117257,0.0,0.0,0.0,0.0,0.0,90.74420767691078,0.0,0.0,0.0,0.0,0.0,0.0,0.0,0.0,15.992095380769005,0.0,0.0,10.626601957294707,5.917906046161393,37.31931802123145,20.88828627145421,0.0,0.0,0.0,10.626601957294707,0.0,0.0,0.0,50.47248844167435,9.473725907600098,5.917906046161393,12.841643245852019,0.0,1.4118420783282006,0.0,0.0,6.22790117073487,5.106527394840706,0.0,24.167679650805958,6.6686911888991425,12.841643245852019,5.309813353288376,14.219595082555067,0.0,5.316788604006331,10.885567985928299,18.34993716931217,0.0,0.0,14.38178193499622,0.0,0.04407407407407371,0.21569444444444397,0.923601662887376,0.3992226473922904,3.352354733560091,15.0,3.0,5.0,1.0,1.0,0.0,0.0,0.0,0.0,5.0,0.0,5.0,1.0,1.0,1.0,2.0,0.0,5.0,3.167350346720626,2.0,55.25120000000004,0.0,1.0,1.0,0.0,0.0,0.0,0.0,0.0,0.0,0.0,0.0,0.0,0.0,0.0,0.0,0.0,2.0,0.0,0.0,0.0,0.0,0.0,0.0,0.0,0.0,0.0,0.0,0.0,0.0,0.0,0.0,0.0,0.0,0.0,0.0,0.0,1.0,0.0,0.0,0.0,0.0,2.0,0.0,0.0,0.0,0.0,0.0,0.0,0.0,0.0,0.0,0.0,0.0,0.0,0.0,2.0,0.0,0.0,0.0,0.0,0.0,0.0,0.0,0.0,0.0,0.0,0.0,0.0,0.0,0.0,0.0,0.0,0.0,0.0,0.0,0.0,0.0,0.0,0.0,0.0,0.0,0.0,0.0,0.0,0.0,405.3007223432729,1067.9629873803763,1437.7168625796844,0.2819058000168718,0.7428187115119026,2.7172487413424893,0.0018327594069343055,0.9594420878389939,0.38748159344894934,0.03429886555698682,113.0,4.408,2.2,5.919,3.162,1.0,0.0,2.823,10.0,11.0,1.479,28.005,-17.4,16.217,19.4,0.03682,-0.15398,16015.827,52.0,1.0,17.0,10.0,52.0,13.0,0.0,1.24e-06,0,8D28_Compound_10,Apo
273.38099999999986,-2.410399999999996,114.60000000000001,7.0,7.0,6.0,1.0,0.0,4.0,73.15480000000002,2.0,138.0,0.0,1.1373940685146756e-07,30.0,96.0,5.0,1811.7888612193512,0.0,1.0,1.0,0.0,0.0,0.15384615384615385,0.23076923076923078,0.15384615384615385,0.46153846153846156,0.0,0.0,0.0,0.0,0.0,1.0,0.5575526880932418,0.0,0.0,0.0,0.0,0.0,0.0,0.0,0.0,0.1443,0.2585,1.0,0.1355,-2305.309,0.5445,0.0002,0.3333,1.0,0.0005,0.1251,0.1309,0.0005,0.008,3.3251,-0.0955,-0.3769,5.0,4.0,8.2491,35.0,1.0,27.0,-221.35,30.0,10.554238788107835,10.554238788107835,0.1294841512770808,-1.2625245224352366,0.27914659408278486,59.1578947368421,246.16499999999994,273.21647510400004,112.0,0.0,0.0,0.0,0.0,0.0,1.3157894736842106,2.0526315789473686,2.6842105263157894,16.294484183768308,9.910890507342208,2.3687166525123518,-2.331133292052985,2.1796129861761813,-2.5874688406010895,4.955044755075659,0.0351075102712395,2.9371125801794844,1.979322226904475,402.03486916362675,18.016143379015546,16.182917094070245,11.182917094070245,11.234958562966854,9.082123254290256,6.846055276790464,5.258030664700503,5.258030664700503,3.9180231468999986,3.9180231468999986,2.7280767173210663,2.7280767173210663,-0.28,205292.42090422523,9.619142237722688,6.938464269066656,3.851178683147376,121.18489457700149,0.0,0.0,0.0,0.0,0.0,120.26102614226214,0.0,0.0,0.0,0.0,0.0,0.0,0.0,0.0,17.272265181322414,0.0,0.0,21.24622866387146,5.719716975726273,62.30645214976563,13.716363171576333,0.0,0.0,0.0,26.96594563959773,0.0,0.0,0.0,60.55258361931932,0.0,0.0,25.683286491704038,0.0,7.059210391641003,0.0,0.0,24.53948399976566,10.213054789681411,0.0,18.752372847195062,31.40300346743031,15.929440059865126,7.04767198267719,0.0,0.0,5.316788604006331,7.059210391641003,38.19665245125625,0.0,0.0,26.581206046455417,0.7022817703246997,0.0,-1.9129531410181675,-0.06519191346572284,0.1294841512770808,1.3685206351704438,19.0,8.0,7.0,1.0,1.0,0.0,0.0,0.0,0.0,4.0,0.0,7.0,1.0,1.0,1.0,2.0,0.0,2.0,3.5127407745004606,2.0,73.15480000000002,0.0,2.0,2.0,0.0,0.0,0.0,0.0,0.0,0.0,0.0,0.0,0.0,0.0,0.0,0.0,0.0,4.0,1.0,0.0,1.0,0.0,0.0,0.0,0.0,0.0,0.0,0.0,0.0,0.0,0.0,0.0,0.0,0.0,0.0,0.0,0.0,0.0,0.0,0.0,0.0,0.0,0.0,0.0,0.0,0.0,0.0,0.0,0.0,0.0,0.0,0.0,0.0,0.0,0.0,0.0,0.0,0.0,0.0,0.0,0.0,0.0,0.0,0.0,0.0,0.0,0.0,0.0,0.0,0.0,0.0,0.0,0.0,0.0,0.0,0.0,0.0,0.0,0.0,0.0,0.0,0.0,0.0,0.0,0.0,0.0,577.6544240949873,2873.618528267729,3346.171347315453,0.17263145372349942,0.8587780570690615,3.67827072999555,0.0014866640351876665,0.9849864878186457,0.5696081536770619,0.034941119551249095,166.0,4.239,1.645,5.97,1.645,1.0,0.0,0.558,10.0,13.0,2.811,33.938,-26.3,24.931,28.7,0.03592,-0.15843,24024.494,78.0,5.0,9.0,29.0,63.0,37.0,0.0,3.55e-06,0,8D28_Compound_24,Apo
267.2949999999999,0.8819999999999997,56.31999999999999,4.0,4.0,3.0,1.0,0.0,4.0,60.48690000000003,2.0,114.0,0.0,1.0109011027211492e-07,41.0,53.0,6.0,1434.7707798748,0.0,1.0,1.0,0.0,0.0,0.1111111111111111,0.2222222222222222,0.2222222222222222,0.4444444444444444,0.0,0.0,0.0,0.0,0.0,1.0,7.734711759335315,0.0,0.0,0.0,0.0,0.0,0.0,0.0,0.0,0.1471,0.2586,0.0,0.2123,-1304.876,0.5333,0.0003,0.0,0.0,0.0,0.3914,0.1238,0.0,0.0068,0.0,-0.1217,-0.3785,4.0,1.0,8.2116,25.0,0.0,21.0,-193.1,41.0,12.786753369953225,12.786753369953225,0.02281013794406639,-4.172734158478206,0.5998565920495097,53.77777777777778,247.13499999999993,267.15584692,106.0,0.0,0.0,0.0,0.0,0.0,1.2777777777777777,2.111111111111111,2.8333333333333335,19.413282931944124,9.84814201090552,2.4199092939591793,-2.3610067472924197,2.3711614473318336,-2.5848006795840477,4.845971538361478,-0.18362409172472674,2.455593111417588,1.9239634322286423,321.77869982059417,14.750712376627058,12.041397068869292,10.041397068869292,9.414033465812421,7.197130563121664,6.341668677157843,5.033203563834643,5.033203563834643,3.604956993798862,3.604956993798862,2.6247491001341756,2.6247491001341756,-0.37000000000000005,28975.99871472754,11.456141120858728,5.728855556506606,3.8105207185163303,107.27210426723722,0.0,0.0,0.0,0.0,0.0,106.36900711014498,0.0,0.0,0.0,0.0,0.0,0.0,0.0,0.0,19.69189541245987,0.0,1.4311996572326342,15.943390561301037,5.917906046161393,56.71592424409088,6.6686911888991425,0.0,0.0,0.0,15.943390561301037,13.171245143024459,0.0,0.0,37.82051516669982,0.0,5.917906046161393,32.10410811463005,0.0,1.4118420783282006,0.0,0.0,24.363946563487698,13.171245143024459,0.0,19.007418857986547,25.93115605767717,0.0,5.309813353288376,0.0,0.0,15.742385399119875,2.843041735560835,53.307388773410594,0.0,0.0,11.56559342718569,0.0,-1.3064466280339297,-0.4052234504913079,-3.4519993622448983,0.37402057350718065,0.0,18.0,4.0,4.0,1.0,1.0,0.0,0.0,0.0,0.0,4.0,0.0,7.0,1.0,1.0,1.0,2.0,0.0,4.0,3.646143206464186,2.0,60.48690000000003,0.0,1.0,1.0,0.0,0.0,0.0,0.0,0.0,0.0,0.0,0.0,0.0,0.0,0.0,0.0,0.0,3.0,0.0,0.0,0.0,0.0,0.0,0.0,0.0,0.0,3.0,0.0,0.0,0.0,0.0,0.0,0.0,0.0,0.0,0.0,0.0,0.0,0.0,0.0,0.0,0.0,0.0,0.0,0.0,3.0,0.0,0.0,0.0,0.0,0.0,0.0,0.0,0.0,0.0,0.0,0.0,0.0,0.0,0.0,0.0,0.0,0.0,0.0,0.0,0.0,0.0,0.0,0.0,0.0,0.0,0.0,0.0,0.0,0.0,0.0,0.0,0.0,0.0,0.0,0.0,0.0,0.0,0.0,0.0,0.0,478.11339342023916,2778.42489744696,3053.333425790586,0.15658735118207517,0.9099644585089999,3.558475252005577,0.0019032398402384514,0.9876641136792312,0.6027337593737128,0.10777013926638962,145.0,4.326,1.706,5.94,2.149,0.0,0.0,10.0,10.0,9.0,7.354,28.303,-24.0,23.112,26.4,0.03716,-0.16552,20020.332,71.0,2.0,21.0,26.0,41.0,26.0,0.0,7.65e-06,0,8D28_Compound_36,Apo
228.292,-0.5937999999999999,62.75,3.0,5.0,1.0,1.0,0.0,6.0,57.73220000000004,3.0,86.0,0.0,6.160064402446365e-08,20.0,46.0,2.0,1200.5587236523243,0.0,1.0,1.0,0.0,0.0,0.2727272727272727,0.09090909090909091,0.18181818181818182,0.45454545454545453,0.0,0.0,0.0,0.0,0.0,1.0,2.6306839414874603,0.0,0.0,0.0,0.0,0.0,0.0,0.0,0.0,0.1409,0.2605,3.0,0.1429,-1802.947,0.5113,0.0002,1.5,3.0,0.0999,0.1334,0.1446,0.0363,0.0107,3.1597,-0.1184,-0.3814,2.0,4.0,4.9908,31.0,3.0,17.0,-140.0,20.0,9.960149675610985,9.960149675610985,0.16162037037037003,-0.8121806500377928,0.559575970035645,72.25,208.13199999999995,228.1473925,92.0,0.0,0.0,0.0,0.0,0.0,1.5,2.375,3.1875,16.524676391679197,9.80013396649517,2.502238067311404,-2.3511893858199295,2.394376265222843,-2.6024528505856397,5.017992116821248,-0.07626208196329078,2.718943229584772,1.741980707722506,293.8901086293078,11.991199352633217,10.50345251181159,9.50345251181159,8.202708600407234,6.503749233038402,6.056535637538444,4.957976027150098,4.957976027150098,4.165418595444205,4.165418595444205,3.307218926691911,3.307218926691911,-0.2,13102.587423369016,9.791851516523314,4.23428880475933,1.6695652173913047,96.95525442203993,0.0,0.0,0.0,0.0,0.0,96.15919814630753,0.0,0.0,0.0,0.0,0.0,0.0,0.0,0.0,15.992095380769005,0.0,0.0,10.626601957294707,5.917906046161393,49.84410603190576,13.778488730176676,0.0,0.0,0.0,10.626601957294707,0.0,0.0,0.0,49.46665728814512,9.473725907600098,5.917906046161393,19.26246486877803,0.0,1.4118420783282006,0.0,0.0,6.22790117073487,5.106527394840706,0.0,18.249773604644567,18.69056362280884,24.572278222066405,0.0,7.109797541277533,0.0,5.316788604006331,10.885567985928299,18.931709419879063,0.0,0.0,14.408225781053162,0.0,0.4046759259259257,0.16162037037037003,2.441456207482992,0.3953989512471656,1.7569133440413203,16.0,3.0,5.0,1.0,2.0,0.0,0.0,0.0,0.0,6.0,0.0,5.0,2.0,1.0,2.0,3.0,0.0,6.0,2.591345453392521,3.0,57.73220000000004,0.0,1.0,1.0,0.0,0.0,0.0,0.0,0.0,0.0,0.0,0.0,0.0,0.0,0.0,0.0,0.0,2.0,0.0,0.0,0.0,0.0,0.0,0.0,0.0,0.0,0.0,0.0,0.0,0.0,0.0,0.0,0.0,0.0,0.0,0.0,0.0,3.0,0.0,0.0,0.0,0.0,2.0,0.0,0.0,0.0,0.0,0.0,0.0,0.0,0.0,0.0,0.0,0.0,0.0,0.0,1.0,0.0,0.0,0.0,0.0,0.0,0.0,0.0,0.0,0.0,0.0,0.0,0.0,0.0,0.0,0.0,0.0,0.0,0.0,0.0,0.0,0.0,0.0,0.0,0.0,0.0,0.0,0.0,0.0,0.0,295.61689455228196,1561.2947629397286,1835.9396358691617,0.16101667439209266,0.8504063709047753,2.9713058641289147,0.002876717760643328,0.9869516860351935,0.5939605005069746,0.01601010253010123,111.0,4.296,2.139,5.999,2.638,1.0,0.0,2.631,10.0,11.0,1.492,27.373,-18.0,16.856,19.6,0.03533,-0.16216,17015.156,54.0,1.0,17.0,2.0,54.0,13.0,0.0,8.5e-07,1,8D28_Compound_7,Apo
203.24600000000007,-3.711999999999996,105.81,6.0,7.0,1.0,1.0,0.0,5.0,49.60210000000002,2.0,75.0,0.0,1.9873300550829674e-07,20.0,48.0,2.0,1162.05483562827,0.0,1.0,1.0,0.0,0.0,0.18181818181818182,0.09090909090909091,0.2727272727272727,0.45454545454545453,0.0,0.0,0.0,0.0,0.0,1.0,2.7750374772244073,0.0,0.0,0.0,0.0,0.0,0.0,0.0,0.0,0.1806,0.2609,1.0,0.1408,-2302.373,0.4344,0.0003,0.25,1.0,0.0032,0.1625,0.1298,0.0032,0.0086,3.0305,-0.1096,-0.377,1.0,1.0,6.9216,22.0,1.0,17.0,-142.05,20.0,9.689542705971277,9.689542705971277,0.285339191232048,-1.2833333333333334,0.24045482094801146,72.85714285714286,186.11,203.138224784,82.0,0.0,0.0,0.0,0.0,0.0,1.6428571428571428,2.4285714285714284,3.142857142857143,16.308926057070746,10.056696505715198,2.4104607938318816,-2.491219715165693,2.1318159734318267,-2.79199630351841,4.964426898612056,-0.10248081321028403,2.269603438729777,2.2320412710984883,282.23478098707955,12.740122497076651,10.829926104634469,7.829926104634469,7.930428110326542,5.890740361738203,4.549099575238328,3.6279756866592856,3.6279756866592856,2.698653091169929,2.698653091169929,1.8371828964918004,1.8371828964918004,-0.28,6009.90990575645,7.069698597190306,3.703588209558114,1.632857597318457,86.64410122680144,0.0,0.0,0.0,0.0,0.0,85.5571558590069,0.0,0.0,0.0,0.0,0.0,0.0,0.0,0.0,14.448581024666014,0.0,0.0,20.843300292151515,5.719716975726273,30.95312917787332,13.592428388589765,0.0,0.0,0.0,21.663107537027308,0.0,0.0,0.0,59.65852208699497,0.0,0.0,0.0,0.0,4.235526234984602,0.0,0.0,30.95312917787332,10.213054789681411,0.0,6.544756405912575,5.719716975726273,5.309813353288376,4.899909730850478,7.04767198267719,0.0,10.633577208012662,4.235526234984602,22.326738473167048,0.0,1.5364351851851852,25.779441609977326,0.45082105064247924,0.0,-0.4312037037037042,-3.417854308390024,0.285339191232048,1.6369491685563116,14.0,7.0,7.0,0.0,2.0,0.0,0.0,0.0,0.0,5.0,0.0,7.0,2.0,0.0,2.0,2.0,0.0,5.0,1.870232312120254,2.0,49.60210000000002,0.0,2.0,2.0,0.0,0.0,0.0,0.0,0.0,0.0,0.0,0.0,0.0,0.0,1.0,0.0,1.0,3.0,1.0,0.0,1.0,0.0,0.0,0.0,0.0,0.0,0.0,0.0,0.0,0.0,0.0,0.0,0.0,0.0,0.0,0.0,0.0,1.0,0.0,0.0,0.0,0.0,0.0,0.0,0.0,0.0,0.0,0.0,0.0,0.0,0.0,0.0,0.0,0.0,0.0,0.0,0.0,0.0,0.0,0.0,0.0,0.0,0.0,0.0,0.0,0.0,0.0,0.0,0.0,0.0,0.0,1.0,0.0,0.0,0.0,0.0,0.0,0.0,0.0,0.0,0.0,0.0,0.0,0.0,0.0,0.0,431.2420973081534,875.0892192451811,1304.115900634705,0.330677738917431,0.6710210486807812,2.626985384335614,0.0015560193517037103,0.9437437326861859,0.33545639286461937,0.026251755151322508,97.0,4.278,2.064,5.987,2.815,1.0,0.0,2.775,10.0,11.0,1.929,27.71,-16.8,15.552,18.8,0.03866,-0.1732,17010.332,50.0,3.0,10.0,4.0,55.0,6.0,0.0,2e-09,1,8D5L,Apo
356.51100000000025,-0.3384999999999949,69.23,3.0,7.0,8.0,1.0,0.0,5.0,97.36520000000007,3.0,111.0,0.0,1.3001575230017613e-07,44.0,47.0,4.0,1656.1005361911714,0.0,0.9230769230769231,1.0,0.0,0.0,0.08333333333333333,0.25,0.4166666666666667,0.25,0.0,0.0,0.0,0.0,0.0,1.0,8.682184172199989,0.0,0.0,0.0,0.0,0.0,0.0,0.0,0.0,0.1192,0.258,0.0,0.2038,-2404.232,0.5036,0.0003,0.0,0.0,0.0,0.21,0.1376,0.0,0.0094,0.0,-0.1155,-0.3964,2.0,1.0,6.854,36.0,0.0,27.0,-215.9,44.0,6.743365267870722,6.743365267870722,0.18610462983118148,0.18610462983118148,0.5394067960989543,51.04,320.2230000000001,356.278741012,146.0,0.0,0.0,0.0,0.0,0.0,1.04,1.8,2.52,16.528422026810293,9.773099528392406,2.443915725716978,-2.511894013307165,2.3326777190828065,-2.681756756502059,4.986769185556067,-0.10370457873303464,2.698270601349883,1.496558670999007,411.8974442000857,18.355160383312146,16.784098001391662,15.784098001391662,12.761881452923195,10.24161245884041,9.833364168376546,7.608762879136494,7.608762879136494,6.277668708305753,6.277668708305753,4.789247959177795,4.789247959177795,-0.28,1035650.2222101121,18.100533848066316,9.596402127283373,4.714327695406343,153.0581301891119,0.0,0.0,0.0,0.0,0.0,152.68282244582815,0.0,0.0,0.0,0.0,0.0,0.0,0.0,0.0,14.58253409870731,0.0,1.4311996572326342,20.433396669713616,5.917906046161393,50.098835708483136,60.21895026552999,0.0,0.0,0.0,10.633577208012662,0.0,0.0,0.0,100.97432679234993,9.473725907600098,5.917906046161393,25.683286491704038,0.0,0.0,0.0,0.0,0.0,0.0,0.0,12.207932775496605,24.7324044519568,65.07575971016605,0.0,14.219595082555067,0.0,25.542204860820828,10.904925564832732,18.139973753785966,0.0,5.167220201352146,11.740958752780863,0.0,0.5563453383470516,0.5004646706094908,4.956116325386708,7.00319574020682,3.602391884197619,25.0,3.0,7.0,1.0,2.0,0.0,0.0,0.0,0.0,5.0,0.0,7.0,2.0,1.0,2.0,3.0,0.0,4.0,6.948000060981932,3.0,97.36520000000007,0.0,1.0,1.0,0.0,0.0,0.0,0.0,0.0,0.0,0.0,0.0,0.0,0.0,0.0,0.0,2.0,2.0,0.0,0.0,0.0,0.0,0.0,0.0,0.0,0.0,0.0,0.0,0.0,0.0,0.0,0.0,0.0,0.0,0.0,0.0,0.0,1.0,0.0,0.0,0.0,0.0,2.0,0.0,0.0,0.0,0.0,0.0,0.0,0.0,0.0,0.0,0.0,0.0,0.0,0.0,2.0,0.0,0.0,0.0,0.0,0.0,0.0,0.0,0.0,0.0,0.0,0.0,0.0,0.0,0.0,1.0,0.0,0.0,0.0,0.0,0.0,0.0,0.0,0.0,0.0,0.0,0.0,0.0,1.0,0.0,1858.4671599800142,2743.698958991579,4305.251160150941,0.4316745041919591,0.6372912652314076,3.7235070139515143,0.00034291230910868555,0.9020294465429753,0.23212984228444547,0.11020339298185414,151.0,4.462,1.999,5.988,2.534,0.0,0.0,10.0,10.0,12.0,9.698,32.717,-25.7,23.951,28.1,0.03693,-0.1702,26016.623,76.0,1.0,12.0,42.0,29.0,28.0,0.0,2.8e-07,1,8D5O,Apo
493.6060000000001,-5.515199999999992,231.01999999999995,13.0,14.0,14.0,1.0,0.0,9.0,120.90950000000007,3.0,145.0,0.0,1.326396074631231e-07,40.0,95.0,4.0,2694.488344978627,0.0,0.9047619047619048,1.0,0.0,0.0,0.16666666666666666,0.2777777777777778,0.2777777777777778,0.2777777777777778,0.0,0.0,0.0,0.0,0.0,0.0,0.0,0.0,0.0,0.0,0.0,0.0,0.0,0.0,0.0,0.1671,0.2689,5.0,0.1274,-4903.543,0.4954,0.0003,0.8333,5.0,0.0927,0.2134,0.1209,0.0462,0.0075,3.0645,-0.1023,-0.3811,7.0,3.0,13.7859,39.0,5.0,43.0,-314.05,40.0,10.853730023223273,10.853730023223273,0.070585788148807,-1.749907878939209,0.12039182981593119,57.64705882352941,450.2620000000003,493.32239671600007,200.0,0.0,0.0,0.0,0.0,0.0,1.2058823529411764,2.0,2.676470588235294,16.480770018666757,9.84150502765436,2.44135064392672,-2.51492317266241,2.27117860206483,-2.801544201171587,4.995504640102769,-0.10315476839122696,2.9766941616633007,1.578858095598607,819.8730713111441,31.300235950462213,26.950660123192076,18.950660123192076,19.851880725747183,15.269349231732821,11.769571077805345,9.199408820827912,9.199408820827912,6.890956436671769,6.890956436671769,4.934529037327285,4.934529037327285,-0.5599999999999999,987707796.3889081,18.648689871764866,13.118645489678572,7.472157969664972,210.82577360243272,0.0,0.0,0.0,0.0,0.0,210.18124433161864,0.0,0.0,0.0,0.0,0.0,0.0,0.0,0.0,44.22130582638715,0.0,2.8623993144652684,31.455951748010314,11.637623021887666,100.1836348615437,19.820329559324634,0.0,0.0,0.0,32.27575899288611,0.0,0.0,0.0,124.991597085046,0.0,5.917906046161393,38.524929737556064,0.0,8.471052469969203,0.0,0.0,68.26558708850054,25.532636974203527,0.0,37.6927138625514,30.993099844992415,10.619626706576751,10.209723084138854,0.0,0.0,15.534404986220757,11.333451784434471,62.257148076738495,0.0,1.500779912403896,66.10520781694612,0.20720659879404946,-0.3971077534732632,-2.949968009586456,-6.699379389640328,-0.3572205855158408,0.0,34.0,14.0,14.0,1.0,2.0,0.0,0.0,0.0,0.0,9.0,0.0,14.0,2.0,1.0,2.0,3.0,0.0,4.0,7.195457390430666,3.0,120.90950000000007,0.0,7.0,5.0,0.0,0.0,0.0,0.0,0.0,0.0,0.0,0.0,0.0,0.0,0.0,0.0,1.0,5.0,1.0,0.0,0.0,0.0,0.0,0.0,0.0,0.0,0.0,0.0,0.0,0.0,0.0,0.0,0.0,0.0,0.0,0.0,0.0,1.0,0.0,0.0,0.0,0.0,0.0,0.0,0.0,0.0,0.0,0.0,0.0,0.0,0.0,0.0,0.0,0.0,0.0,0.0,0.0,0.0,0.0,0.0,0.0,0.0,0.0,0.0,0.0,0.0,0.0,0.0,0.0,0.0,0.0,1.0,0.0,0.0,0.0,0.0,0.0,0.0,0.0,0.0,0.0,0.0,0.0,0.0,0.0,0.0,1708.9750792206419,15556.37255682081,16212.234798950147,0.1054126775496312,0.9595452292504543,6.043308974835282,0.0005614740910604989,0.9944285632521913,0.7183147788355335,0.08834052030049479,187.0,4.279,1.675,5.995,1.675,0.0,0.0,10.0,10.0,18.0,9.069,31.836,-29.6,27.016,31.6,0.03537,-0.15829,42015.935,86.0,8.0,26.0,52.0,38.0,29.0,0.0,10.0,0,8XZW_Folinic_acid,Apo
281.44399999999996,1.0717000000000012,36.53,2.0,4.0,4.0,1.0,0.0,6.0,81.91840000000006,3.0,149.0,2.0,9.62906966867588e-07,19.0,47.0,3.0,1455.0949646276445,0.0,1.0,1.0,0.0,0.0,0.5555555555555556,0.1111111111111111,0.2222222222222222,0.1111111111111111,0.0,0.0,0.0,0.0,0.0,0.0,0.0,0.0,0.0,6.0,8.264127842670394,0.0,0.0,0.0,0.0,0.0871,0.1784,1.0,0.1632,-1302.72,0.8126,0.0001,0.5,1.0,0.004,0.0596,0.1015,0.004,0.0051,3.2017,-0.0734,-0.3768,2.0,1.0,2.3445,30.0,1.0,21.0,-116.45,19.0,6.08488355064248,6.08488355064248,0.4788133030990174,0.4788133030990174,0.8081704767991131,59.2,250.19599999999997,281.246712612,116.0,0.0,0.0,0.0,0.0,0.0,1.15,2.0,2.8,16.486611194259208,9.738364301258189,2.477288204550619,-2.359959028943629,2.416533894569832,-2.513915579676173,5.052320138900622,0.0030920302418290307,2.7769299449870006,1.5143257906233725,322.8438456395701,14.11251969619286,13.269310969407412,13.269310969407412,9.64786704554084,8.40653620122707,8.40653620122707,7.267254532182861,7.267254532182861,5.648079062035752,5.648079062035752,4.563327187405047,4.563327187405047,-0.16,52125.75199735099,14.763801473252023,6.304372410382191,3.0332454690481274,123.16899255011732,0.0,0.0,0.0,0.0,0.0,122.73441329326529,0.0,0.0,0.0,0.0,0.0,0.0,0.0,0.0,4.736862953800049,0.0,0.0,15.533486938863138,11.835812092322787,56.83651256658685,33.79173874169245,0.0,0.0,0.0,10.633577208012662,0.0,0.0,0.0,62.921137347735105,4.736862953800049,11.835812092322787,32.60702369139466,0.0,0.0,0.0,0.0,0.0,0.0,0.0,0.0,24.229488875192185,24.98745046274828,32.22804289761661,0.0,0.0,36.55256810390814,4.736862953800049,6.08488355064248,0.0,2.1957912624926514,7.5426276805105275,0.0,1.8029850875535396,2.0251764939472365,5.679835971808375,5.450711505472508,4.217988447572683,20.0,2.0,4.0,1.0,2.0,0.0,0.0,0.0,0.0,6.0,0.0,4.0,2.0,1.0,2.0,3.0,0.0,6.0,4.6538251340165,3.0,81.91840000000006,0.0,0.0,0.0,0.0,0.0,0.0,0.0,0.0,0.0,0.0,0.0,0.0,0.0,0.0,0.0,1.0,2.0,0.0,0.0,1.0,0.0,0.0,0.0,0.0,0.0,0.0,0.0,0.0,0.0,0.0,0.0,0.0,0.0,0.0,0.0,0.0,3.0,0.0,0.0,0.0,0.0,1.0,0.0,0.0,0.0,0.0,0.0,0.0,0.0,0.0,0.0,0.0,0.0,0.0,0.0,0.0,0.0,0.0,0.0,0.0,0.0,0.0,0.0,0.0,0.0,0.0,0.0,0.0,0.0,1.0,0.0,0.0,0.0,0.0,0.0,0.0,0.0,0.0,0.0,0.0,0.0,0.0,0.0,0.0,0.0,320.4186246790607,3733.546857116848,3959.7597215416245,0.08091870396477352,0.9428720729709563,4.001861408045932,0.0029426256788766896,0.9967207047857797,0.7768763982399842,0.03663892787249905,171.0,4.362,2.086,5.999,2.918,0.0,0.0,10.0,10.0,9.0,11.429,31.88,-18.1,16.752,19.3,0.02885,-0.10585,20005.682,53.0,50.0,92.0,12.0,26.0,19.0,2.0,0.0001044,0,8YAN,Apo
